## 修改表alter



### 1. 修改表名

```mysql
alter table 表名 rename(to) newname
```

修改表example1

```
alter table example1 rename haha;
```



```
#注意： mysql中库名、表名、字段名不允许和命令冲突否则创建失败
```



### 2. 表迁移（库与库）

```
加上to 可以实现数据表在库与库之间的迁移，并且可以在迁移过程中修改表名
```

案例

```mysql
create database alter_test
use alter_test


#加上to实现的效果是，将这个表迁移到了akter_test库下面重名为example10
alter table example rename to akter_test.example10;
```



### 3.修改字段的数据类型

```mysql
alter table 表名 modify(mo低Fai) 字段 新数据类型 [约束条件]
```

案例 表haha

```
| id    | int(11)     | NO   | PRI | NULL    |       |
| name  | varchar(30) | YES  |     | NULL    |       |
| sex   | char(2)     | YES  |     | NULL    |       |
```

```mysql
#将sex的数据类型改为多重字符串
alter table haha modify sex varchar(20);

#如果有数据的话，这里修改就会报错(因为字符串不能改为整数) (如果没有数据，就可以改成功)
alter table haha modify sex int(4);
```

查看报错

```
show warnings;

#如果在表中存留有数据，有可能导致因为修改数据类型而造成的数据丢失问题
```

### 4.修改字段名

```mysql
alter table 表名 change 旧字段名 新字段名 新数据类型 [约束条件]
```

案例

```mysql
alter table haha change sex s_sex bit;
```

### 5.给已有的表添加字段

```mysql
alter table 表名 add 新字段名 新数据类型 [约束条件] [first|after 以存在的字段]
```

案例

```mysql
alter table haha add address char(30) not null first;  #first 添加在所有字段的开头

#查看
desc
+---------+-------------+------+-----+---------+-------+
| Field   | Type        | Null | Key | Default | Extra |
+---------+-------------+------+-----+---------+-------+
| address | char(30)    | NO   |     | NULL    |       |
| id      | int(11)     | NO   | PRI | NULL    |       |
| name    | varchar(30) | YES  |     | NULL    |       |
| s_sex   | bit(1)      | YES  |     | NULL    |       |
+---------+-------------+------+-----+---------+-------+


```

在刚才表中，添加一个新的字段，名字为phone数据类型为int，添加到name的前面

```
alter table haha add phone int(4)  after id;
```





### 6.清空mysql 密码

```mysql
#将mysql 的密码设置为空字符串
mysqladmin -u root -p123.com password ''

#然后登陆
mysql -u root

#当有密码时清空密码，mysqladmin -u root 密码 password 新密码
当没有密码时设置密码
mysqladmin -u root password 新密码
```



### 7.删除字段

```mysql
alter table 表明 drop 字段名
注意：删除字段时，该字段中的数据，随着字段的删除而消失
```

案例

```
desc haha;

+---------+-------------+------+-----+---------+-------+
| Field   | Type        | Null | Key | Default | Extra |
+---------+-------------+------+-----+---------+-------+
| address | char(30)    | NO   |     | NULL    |       |
| phone   | int(4)      | YES  |     | NULL    |       |
| id      | int(11)     | NO   | PRI | NULL    |       |
| name    | varchar(30) | YES  |     | NULL    |       |
| s_sex   | bit(1)      | YES  |     | NULL    |       |
+---------+-------------+------+-----+---------+-------+

alter table haha drop address;
```

### 8.修改已经存在的字段的位置

```mysql
alter table 表名 modify 字段名 数据类型 first|after 字段名

#字段的排列顺序决定在使用insert写入数据时所对应的数据顺序，因此字段的位置，决定数据的写入顺序
```

案例：

```mysql
alter table haha modify name char(30) after id;

#desc haha;

+-------+----------+------+-----+---------+-------+
| Field | Type     | Null | Key | Default | Extra |
+-------+----------+------+-----+---------+-------+
| phone | int(4)   | YES  |     | NULL    |       |
| id    | int(11)  | NO   | PRI | NULL    |       |
| name  | char(30) | YES  |     | NULL    |       |
| s_sex | bit(1)   | YES  |     | NULL    |       |
+-------+----------+------+-----+---------+-------+

```

### 9 查看表的存储引擎（修改存储引擎）

```mysql
#查询存储引擎
show create table haha\G

       Table: haha
Create Table: CREATE TABLE `haha` (
  `phone` int(4) DEFAULT NULL,
  `id` int(11) NOT NULL,
  `name` char(30) DEFAULT NULL,
  `s_sex` bit(1) DEFAULT NULL,
  PRIMARY KEY (`id`)
) ENGINE=InnoDB DEFAULT CHARSET=utf8
1 row in set (0.00 sec)

```

### 10.修改表的存储引擎

```
alter table 表名 engine=要修改的存储引擎名称
```

案例：

```mysql
alter table haha engine=myisam;    #修改存储引擎为myisam

alter table haha engine=memory;   #修改存储引擎为memory

#注意： 更改存储引擎有可能造成某些功能不支持的问题
```

### 11.删除数据表

```mysql
drop table [if exists] 表名

#如果不加入if exists正常删除表，在表不存在时以error形式返回
#如果加上if exists机械能删除，当mysql不存在该表的时候以warning的形式进行返回
```

案例

```mysql
#创建两个测试表
#学生表
create table student(s_id int primary key,
s_name varchar(30) not null,
s_address char(50) not null,
sex char(2) not null,
s_birthday date);

#成绩表
create table score(s_id int primary key,
course_id int not null,
grade decimal(8,2),
constraint fk_sc foreign key (s_id) references student(s_id));


#查看
show create table score\G

       Table: score
Create Table: CREATE TABLE `score` (
  `s_id` int(11) NOT NULL,
  `course_id` int(11) NOT NULL,
  `grade` decimal(8,2) DEFAULT NULL,
  PRIMARY KEY (`s_id`),
  CONSTRAINT `fk_sc` FOREIGN KEY (`s_id`) REFERENCES `student` (`s_id`)
) ENGINE=InnoDB DEFAULT CHARSET=utf8
1 row in set (0.00 sec)



#尝试删除父表，发现无法删除，因为系统不允许删除有关联的表，想要删除父表的话要删除外键
```

### 12删除外键约束关系

#### 查看表外键约束名称的方法

```
show create table score\G
```



```python
alter table 表名 drop foreign key 约束名称
```

案例：

```mysql
#删除score的外键
alter table score drop foreign key fk_sc;

#然后再删除父表
drop table student;
再次删除，则会报错

#如果有表的话删除表,没有表也不报错
drop table if exists student;
```

```mysql
#show warnings;
+-------+------+------------------------------+
| Level | Code | Message                      |
+-------+------+------------------------------+
| Note  | 1051 | Unknown table 'haha.student' |
+-------+------+------------------------------+

```

### 13 删除约束条件

```
1. 删除外键
2. 删除唯一性约束
3. 删除外键（见12）
4. 删除非空
5. 删除自增
6. 删除默认值
```

#### 1.删除主键

```mysql
alter table 表明 drop primary key
```

案例

```mysql
#删除主键
alter table score drop primary key;
```

##### 添加主键的两种方法

```mysql
#添加主键
alter table score modify s_id int primary key;


#添加主键并修改字段名
alter table score modify s_id int primary key after c_id;


alter table score add primary key(8,2)
```

#### 2 删除唯一性约束

```mysql
alter table 表名 drop key 约束名称;
```

案例：

```mysql
alter table haha drop key name;
```

##### 添加唯一性约束

```mysql
#方法1
alter table score modify name char(30) unique;

#方法2
alter table score add constraint uni_test1 unique (name);
```

#### 3.删除非空

```mysql
alter table 表名 modify (change)   #只要不带有非空约束条件相当于删除

案例：

#删除非空
alter table score modify id int null;

#添加非空
alter table score modify id int not null;
```

#### 4.删除自增

```
alter table score modify id int auto_increment;
```

#### 5.删除默认值

```
alter table score modify id int default 默认值;
```



```mysql
#在mysql种主键和唯一性约束条件可以通过modify、change、和add进行添加（上述两种约束条件都有两种创建的语法，modify对应的数据类型后面添加，add对应另起一行进行添加

#非空、自增、默认值约束条件只能用modify或者change进行添加，对应语法种的跟在数据类型后面进行写入的方式

#外键作为特殊的约束条件只能使用add进行 添加对应另起一行进行写入
```

#### 6.删除、添加外键约束

```mysql
alter table haha add CONSTRAINT fk_sc1 foreign key(id) references score (s_id);

#删除外键
alter table haha drop foreign key fk_sc;
```





## 如果当前表太多，忘记外键在那个表中

```mysql
use information_schema

#查看表
show tables;

#查看表数据
select * from tables\G
#东西具大，不好查，用下面的方法


#查询所有库中关于haha的表
select TABLE_SCHEMA from tableS where TABLE_NAME='haha'\G

#查看表haha的详细结构信息
select * from information_schema.TABLES WHERE TABLE_NAME='haha'\G

#注：information_schema 作为mysql 自带数据库存放了所以数据库以及那个表的信息，只需要在该库中找到TABLES有TABLE_SCHEMA窜下即可知道要查询的表在那个库中，如果多个库都有同名表，只需要切换到指定的库查看即可得知

```





## 如果当前表太多，忘记外键在那个表中

```mysql
use information_schema

#查询表TABLE_CONSTRAINTS（存放主键，外键，唯一性约束条件）
select * from TABLE_CONSTRAINTS\G

#查看所有的外键
select * from TABLE_CONSTRAINTS where CONSTRAINT_TYPE='FOREIGN KEY'\G
#查看所有的主键
select * from TABLE_CONSTRAINTS where CONSTRAINT_TYPE='PRIMARY KEY'\G
#查看唯一性约束
select * from TABLE_CONSTRAINTS where CONSTRAINT_TYPE='unique'\G


#注： 在information_schem库中有个名为TABLE_CONSTRAINTS的表里面存放了所有表中的约束条件，包含主键外键唯一性约束条件，需要查看那个类型的约束条件将上述表的中的FOREIGN KEY替换即可
```





## 3.数据库改名脚本

```shell
#! /bin/bash
#创建新库sjk1227
mysql -u root -p123.com -e 'create database if not exists sjk1227'

#查询所有库中是否存在score的表，
list_table=$(mysql -u root -p123.com -Nse "select table_name from information_schema.TABLES where TABLE_SCHEMA='score'")

#使用for循环，当查询有score表时，
for table in $list_table
do			#将查询到haha库的score表迁移到sjk1226库下
        mysql -u root -p123.com -e 'alter table haha.$table rename to sjk1227.$table'
done

```

