## select   查询

#查询格式

```mysql
select *|字段 from  表1[,表2...] [where 条件判断] [order by 字段] [group by 字段] [having 条件判断] [limit offset count]  
```

含义：

```mysql
where #过滤想要的数据常和比较运算符一起使用
order by  #给字段进行排序

group by  #给字段重新分组
having  #添加筛选条件，一般和分组连用 用于分组后筛选

limit offset count #限制输出的条目数量
```

### 修改字段语法

```mysql
#update 语法
update 表名  set 要修改的字段='修改后的结果'  [where 条件判断]
```



### 创建测试表

```mysql
mysql> create database fruits20200102;
Query OK, 1 row affected (0.00 sec)

mysql> use fruits20200102
Database changed

mysql> create table fruits(f_id char(20) not null,
	s_id int not null,
	f_price decimal(8,2) not null,
	f_name char(50) not null,
	primary key(f_id));
Query OK, 0 rows affected (0.05 sec)

```

### 插入表数据

```mysql
INSERT INTO fruits(f_id,s_id,f_name,f_price) VALUES 
('a1',101,'apple',5.2) , 
('b1',101,'blackberry',10.2), 
('bs1',102,'orange',11.2), 
('bs2',105,'watermelon',8.2),  
('t1',102,'banana',10.3), 
('t2',102,'grape',5.3), 
('o2',103,'cocnul',9.2), 
('c0',101,'cherry',3.2), 
('a2',103,'apricot',2.2), 
('l2',104,'lemon',6.4), 
('b2',104,'berry',7.6), 
('m1',106,'mango',15.7), 
('m2',105,'duiian',33.7), 
('t4',107,'haw',3.6), 
('m3',107,'pear',11.6), 
('b5',107,'lychee',3.6);


#修改表数据
update fruits set f_name='coconut' where f_id='o2';
```

### 查看

```mysql
mysql> select * from fruits;
+------+------+---------+------------+
| f_id | s_id | f_price | f_name     |
+------+------+---------+------------+
| a1   |  101 |    5.20 | apple      |
| a2   |  103 |    2.20 | apricot    |
| b1   |  101 |   10.20 | blackberry |
| b2   |  104 |    7.60 | berry      |
| b5   |  107 |    3.60 | lychee     |
| bs1  |  102 |   11.20 | orange     |
| bs2  |  105 |    8.20 | watermelon |
| c0   |  101 |    3.20 | cherry     |
| l2   |  104 |    6.40 | lemon      |
| m1   |  106 |   15.70 | mango      |
| m2   |  105 |   33.70 | duiian     |
| m3   |  107 |   11.60 | pear       |
| o2   |  103 |    9.20 | coconut    |
| t1   |  102 |   10.30 | banana     |
| t2   |  102 |    5.30 | grape      |
| t4   |  107 |    3.60 | haw        |
+------+------+---------+------------+
```



# 查询案例



### 1. 基础案例

```mysql
#1.  查询fruits表中的名称及价格

mysql> select f_name,f_price from fruits;
+------------+---------+
| f_name     | f_price |
+------------+---------+
| apple      |    5.20 |
| apricot    |    2.20 |
| blackberry |   10.20 |
| berry      |    7.60 |
| lychee     |    3.60 |
| orange     |   11.20 |
| watermelon |    8.20 |
| cherry     |    3.20 |
| lemon      |    6.40 |
| mango      |   15.70 |
| duiian     |   33.70 |
| pear       |   11.60 |
| coconut    |    9.20 |
| banana     |   10.30 |
| grape      |    5.30 |
| haw        |    3.60 |
+------------+---------+
16 rows in set (0.00 sec)

#2 查看水果价格为8.2的水果记录

mysql> select * from fruits where f_price=8.2;
+------+------+---------+------------+
| f_id | s_id | f_price | f_name     |
+------+------+---------+------------+
| bs2  |  105 |    8.20 | watermelon |
+------+------+---------+------------+
1 row in set (0.00 sec)



#3 查看水果表中价格小于5的水果记录

mysql> select * from fruits where f_price < 5;
+------+------+---------+---------+
| f_id | s_id | f_price | f_name  |
+------+------+---------+---------+
| a2   |  103 |    2.20 | apricot |
| b5   |  107 |    3.60 | lychee  |
| c0   |  101 |    3.20 | cherry  |
| t4   |  107 |    3.60 | haw     |
+------+------+---------+---------+


#4 查看水果表中价格在5~10之间的水果记录
mysql> select * from fruits where f_price >= 5 and f_price <= 10;
#或者
mysql> select * from fruits where f_price between 5 and 10;

+------+------+---------+------------+
| f_id | s_id | f_price | f_name     |
+------+------+---------+------------+
| a1   |  101 |    5.20 | apple      |
| b2   |  104 |    7.60 | berry      |
| bs2  |  105 |    8.20 | watermelon |
| l2   |  104 |    6.40 | lemon      |
| o2   |  103 |    9.20 | coconut    |
| t2   |  102 |    5.30 | grape      |
+------+------+---------+------------+
6 rows in set (0.00 sec)



#5 查看水果表中名字是berry的水果名和价格
mysql> select f_name,f_price from fruits where f_name = 'berry';
+--------+---------+
| f_name | f_price |
+--------+---------+
| berry  |    7.60 |
+--------+---------+
1 row in set (0.00 sec)

```

## 2 进阶案例2

```mysql
#1查看水果表中供应商编号是104或101的水果记录
mysql> select * from fruits where s_id=104 or s_id=101;
#或者
select * from fruits where s_id in (101,104);
+------+------+---------+------------+
| f_id | s_id | f_price | f_name     |
+------+------+---------+------------+
| a1   |  101 |    5.20 | apple      |
| b1   |  101 |   10.20 | blackberry |
| b2   |  104 |    7.60 | berry      |
| c0   |  101 |    3.20 | cherry     |
| l2   |  104 |    6.40 | lemon      |
+------+------+---------+------------+
5 rows in set (0.00 sec)

#2查看水果表中价格不再4到10之间的水果记录

mysql> select * from fruits where f_price not between 4 and 10;
+------+------+---------+------------+
| f_id | s_id | f_price | f_name     |
+------+------+---------+------------+
| a2   |  103 |    2.20 | apricot    |
| b1   |  101 |   10.20 | blackberry |
| b5   |  107 |    3.60 | lychee     |
| bs1  |  102 |   11.20 | orange     |
| c0   |  101 |    3.20 | cherry     |
| m1   |  106 |   15.70 | mango      |
| m2   |  105 |   33.70 | duiian     |
| m3   |  107 |   11.60 | pear       |
| t1   |  102 |   10.30 | banana     |
| t4   |  107 |    3.60 | haw        |
+------+------+---------+------------+
10 rows in set (0.00 sec)

#3查看水果表中价格高于15且名字是mango的水果记录

mysql> select * from fruits where f_price>15 and f_name='mango';
+------+------+---------+--------+
| f_id | s_id | f_price | f_name |
+------+------+---------+--------+
| m1   |  106 |   15.70 | mango  |
+------+------+---------+--------+
1 row in set (0.00 sec)


```

### 3. 高级案例

```mysql
#查看水果表中名字是a开头的水果记录
mysql> select * from fruits where f_name regexp '^a';
#或者
select * from fruits where f_name like 'a%';
+------+------+---------+---------+
| f_id | s_id | f_price | f_name  |
+------+------+---------+---------+
| a1   |  101 |    5.20 | apple   |
| a2   |  103 |    2.20 | apricot |
+------+------+---------+---------+
2 rows in set (0.00 sec)

#查看水果表中名字以d开头且价格不低于15的水果记录

mysql> select * from fruits where f_name regexp '^d' and f_price > 15;
#或者
select * from fruits where f_name like 'd%' and f_price > 15;
+------+------+---------+--------+
| f_id | s_id | f_price | f_name |
+------+------+---------+--------+
| m2   |  105 |   33.70 | duiian |
+------+------+---------+--------+
1 row in set (0.00 sec)

```





### 4. 高级案例

```mysql
#1 查看水果表中名称包含a的数据
mysql> select * from fruits where f_name like '%a%';
#或者
select * from fruits where f_name regexp '[a]';  #匹配方括号的中任意字符
+------+------+---------+------------+
| f_id | s_id | f_price | f_name     |
+------+------+---------+------------+
| a1   |  101 |    5.20 | apple      |
| a2   |  103 |    2.20 | apricot    |
| b1   |  101 |   10.20 | blackberry |
| bs1  |  102 |   11.20 | orange     |
| bs2  |  105 |    8.20 | watermelon |
| m1   |  106 |   15.70 | mango      |
| m2   |  105 |   33.70 | duiian     |
| m3   |  107 |   11.60 | pear       |
| t1   |  102 |   10.30 | banana     |
| t2   |  102 |    5.30 | grape      |
| t4   |  107 |    3.60 | haw        |
+------+------+---------+------------+
11 rows in set (0.00 sec)


#2 查看水果名中含有an或者er的水果记录

mysql> select * from fruits where f_name like '%an%' or f_name like '%re%';
#或者
select * from fruits where f_name regexp 're|an';     #匹配管道符左右的任意字符串，最好用正则
+------+------+---------+--------+
| f_id | s_id | f_price | f_name |
+------+------+---------+--------+
| bs1  |  102 |   11.20 | orange |
| m1   |  106 |   15.70 | mango  |
| m2   |  105 |   33.70 | duiian |
| t1   |  102 |   10.30 | banana |
+------+------+---------+--------+
4 rows in set (0.00 sec)




#3 查看水果表中名字以d，o，f任意一个字母开头且价格高于10的水果记录

mysql> select * from fruits where f_name regexp '^[d,o,f]' and f_price > 10 ;
+------+------+---------+--------+
| f_id | s_id | f_price | f_name |
+------+------+---------+--------+
| bs1  |  102 |   11.20 | orange |
| m2   |  105 |   33.70 | duiian |
+------+------+---------+--------+
2 rows in set (0.00 sec)

```



## 排序order by

```mysql
#格式
order by 字段 给指定的字段进行排序 [asc/desc]

#方式分为两种 (升序asc|降序desc) 默认是升序  低到高
```

### 案例

#### 升序

```mysql
mysql> select * from fruits  order by f_price;
+------+------+---------+------------+
| f_id | s_id | f_price | f_name     |
+------+------+---------+------------+
| a2   |  103 |    2.20 | apricot    |
| c0   |  101 |    3.20 | cherry     |
| t4   |  107 |    3.60 | haw        |
| b5   |  107 |    3.60 | lychee     |
| a1   |  101 |    5.20 | apple      |
| t2   |  102 |    5.30 | grape      |
| l2   |  104 |    6.40 | lemon      |
| b2   |  104 |    7.60 | berry      |
| bs2  |  105 |    8.20 | watermelon |
| o2   |  103 |    9.20 | coconut    |
| b1   |  101 |   10.20 | blackberry |
| t1   |  102 |   10.30 | banana     |
| bs1  |  102 |   11.20 | orange     |
| m3   |  107 |   11.60 | pear       |
| m1   |  106 |   15.70 | mango      |
| m2   |  105 |   33.70 | duiian     |
+------+------+---------+------------+
16 rows in set (0.00 sec)

```

#### 降序

```mysql
mysql> select * from fruits  order by f_price desc;
+------+------+---------+------------+
| f_id | s_id | f_price | f_name     |
+------+------+---------+------------+
| m2   |  105 |   33.70 | duiian     |
| m1   |  106 |   15.70 | mango      |
| m3   |  107 |   11.60 | pear       |
| bs1  |  102 |   11.20 | orange     |
| t1   |  102 |   10.30 | banana     |
| b1   |  101 |   10.20 | blackberry |
| o2   |  103 |    9.20 | coconut    |
| bs2  |  105 |    8.20 | watermelon |
| b2   |  104 |    7.60 | berry      |
| l2   |  104 |    6.40 | lemon      |
| t2   |  102 |    5.30 | grape      |
| a1   |  101 |    5.20 | apple      |
| b5   |  107 |    3.60 | lychee     |
| t4   |  107 |    3.60 | haw        |
| c0   |  101 |    3.20 | cherry     |
| a2   |  103 |    2.20 | apricot    |
+------+------+---------+------------+
16 rows in set (0.00 sec)

```

#### 

### 正常查询

```mysql
mysql> select * from fruits  order by f_price desc;
+------+------+---------+------------+
| f_id | s_id | f_price | f_name     |
+------+------+---------+------------+
| m2   |  105 |   33.70 | duiian     |
| m1   |  106 |   15.70 | mango      |
| m3   |  107 |   11.60 | pear       |
| bs1  |  102 |   11.20 | orange     |
| t1   |  102 |   10.30 | banana     |
| b1   |  101 |   10.20 | blackberry |
| o2   |  103 |    9.20 | coconut    |
| bs2  |  105 |    8.20 | watermelon |
| b2   |  104 |    7.60 | berry      |
| l2   |  104 |    6.40 | lemon      |
| t2   |  102 |    5.30 | grape      |
| a1   |  101 |    5.20 | apple      |
| b5   |  107 |    3.60 | lychee     |
| t4   |  107 |    3.60 | haw        |
| c0   |  101 |    3.20 | cherry     |
| a2   |  103 |    2.20 | apricot    |
+------+------+---------+------------+
16 rows in set (0.00 sec)

```



### 两个字段排序

```mysql
mysql> select * from fruits  order by f_price desc,f_name;
+------+------+---------+------------+
| f_id | s_id | f_price | f_name     |
+------+------+---------+------------+
| m2   |  105 |   33.70 | duiian     |
| m1   |  106 |   15.70 | mango      |
| m3   |  107 |   11.60 | pear       |
| bs1  |  102 |   11.20 | orange     |
| t1   |  102 |   10.30 | banana     |
| b1   |  101 |   10.20 | blackberry |
| o2   |  103 |    9.20 | coconut    |
| bs2  |  105 |    8.20 | watermelon |
| b2   |  104 |    7.60 | berry      |
| l2   |  104 |    6.40 | lemon      |
| t2   |  102 |    5.30 | grape      |
| a1   |  101 |    5.20 | apple      |
| t4   |  107 |    3.60 | haw        |
| b5   |  107 |    3.60 | lychee     |
| c0   |  101 |    3.20 | cherry     |
| a2   |  103 |    2.20 | apricot    |
+------+------+---------+------------+

```

### ps： 排序说明

```mysql
排序适合用于重复值较少的字段，如果重复值较多，使用分组

#如果给多个字段进行排序的目的是为了达到数据的最终有序化状态，给多个字段进行排序会在不影响前一个字段排序的基础上在前一个字段有重复值时安装下一个字段进行排序

```





## 分组

```mysql
#格式
group by 字段      #对指定的字段进行分组    #适用于重复值较多的字段
```

案例

```mysql
#正常查看

mysql> select * from fruits;
+------+------+---------+------------+
| f_id | s_id | f_price | f_name     |
+------+------+---------+------------+
| a1   |  101 |    5.20 | apple      |
| a2   |  103 |    2.20 | apricot    |
| b1   |  101 |   10.20 | blackberry |
| b2   |  104 |    7.60 | berry      |
| b5   |  107 |    3.60 | lychee     |
| bs1  |  102 |   11.20 | orange     |
| bs2  |  105 |    8.20 | watermelon |
| c0   |  101 |    3.20 | cherry     |
| l2   |  104 |    6.40 | lemon      |
| m1   |  106 |   15.70 | mango      |
| m2   |  105 |   33.70 | duiian     |
| m3   |  107 |   11.60 | pear       |
| o2   |  103 |    9.20 | coconut    |
| t1   |  102 |   10.30 | banana     |
| t2   |  102 |    5.30 | grape      |
| t4   |  107 |    3.60 | haw        |
+------+------+---------+------------+
16 rows in set (0.00 sec)



#分组
mysql> select s_id,count(*) from fruits group by s_id;
+------+----------+
| s_id | count(*) |
+------+----------+
|  101 |        3 |
|  102 |        3 |
|  103 |        2 |
|  104 |        2 |
|  105 |        2 |
|  106 |        1 |
|  107 |        3 |
+------+----------+
7 rows in set (0.00 sec)

#可以看到相同的数据合并为一条， 

```



### 聚合函数

```mysql
#聚合函数 聚合函数通常与分组连用
#聚合函数可以在分组过后继续执行各种的任务
1 max 最大值
2 min 最小值
3 count 计算数量
4 sum 求和
5 avg 求平均值
```

案例

```mysql
#查看分组后的每组供应商最贵的价格
mysql> select s_id,max(f_price) from fruits group by s_id;
+------+--------------+
| s_id | max(f_price) |
+------+--------------+
|  101 |        10.20 |
|  102 |        11.20 |
|  103 |         9.20 |
|  104 |         7.60 |
|  105 |        33.70 |
|  106 |        15.70 |
|  107 |        11.60 |
+------+--------------+
7 rows in set (0.00 sec)


#查看
mysql> select s_id,max(f_price) as f_price1,count(*)  as total from fruits group by s_id;
+------+----------+-------+
| s_id | f_price1 | total |
+------+----------+-------+
|  101 |    10.20 |     3 |
|  102 |    11.20 |     3 |
|  103 |     9.20 |     2 |
|  104 |     7.60 |     2 |
|  105 |    33.70 |     2 |
|  106 |    15.70 |     1 |
|  107 |    11.60 |     3 |
+------+----------+-------+
7 rows in set (0.00 sec)


#max(f_price) as f_price1  # 给先是的f起别名
#count(*)  as total   起别名
```

### 聚合函数案例 

#### 1  group_concat (将分组过后的数据显示完整)

```mysql
mysql> select s_id,group_concat(f_name) from fruits group by  s_id;
+------+-------------------------+
| s_id | group_concat(f_name)    |
+------+-------------------------+
|  101 | apple,blackberry,cherry |
|  102 | grape,banana,orange     |
|  103 | apricot,coconut         |
|  104 | lemon,berry             |
|  105 | duiian,watermelon       |
|  106 | mango                   |
|  107 | pear,lychee,haw         |
+------+-------------------------+
7 rows in set (0.00 sec)
#正常情况下只会显示检索到的第一个s_id对应的f_name
```

实战

```mysql
#查看供应商提供的水果种类高于两种信息，显示供应商编号，水果名称，以及水果的种类
mysql> select s_id,group_concat(f_name),count(*)  from fruits group by s_id having count(*)> 2 ;
+------+-------------------------+----------+
| s_id | group_concat(f_name)    | count(*) |
+------+-------------------------+----------+
|  101 | apple,blackberry,cherry |        3 |
|  102 | grape,banana,orange     |        3 |
|  107 | pear,lychee,haw         |        3 |
+------+-------------------------+----------+
3 rows in set (0.00 sec)


#having 相当于分完组后的where  把分组后的数据进行条件判断
```





### limit 限制输出（指定输出）

```mysql
#limit offset count 限制输出条目的数量
	#offset 表示偏移量 从第几条输出
	#count 表示输出的数量

格式
limit 

案例


mysql> select * from fruits limit 0,3;    #从0开始，输出3条的数据
+------+------+---------+------------+
| f_id | s_id | f_price | f_name     |
+------+------+---------+------------+
| a1   |  101 |    5.20 | apple      |
| a2   |  103 |    2.20 | apricot    |
| b1   |  101 |   10.20 | blackberry |
+------+------+---------+------------+
3 rows in set (0.00 sec)

#如果从第4条输出到第10条

mysql> select * from fruits limit 3,6;   #3是偏移量，6是输出条数
+------+------+---------+------------+
| f_id | s_id | f_price | f_name     |
+------+------+---------+------------+
| b2   |  104 |    7.60 | berry      |
| b5   |  107 |    3.60 | lychee     |
| bs1  |  102 |   11.20 | orange     |
| bs2  |  105 |    8.20 | watermelon |
| c0   |  101 |    3.20 | cherry     |
| l2   |  104 |    6.40 | lemon      |
+------+------+---------+------------+
6 rows in set (0.00 sec)


#如果不写偏移量则默认从头开始
mysql> select * from fruits limit 6;
+------+------+---------+------------+
| f_id | s_id | f_price | f_name     |
+------+------+---------+------------+
| a1   |  101 |    5.20 | apple      |
| a2   |  103 |    2.20 | apricot    |
| b1   |  101 |   10.20 | blackberry |
| b2   |  104 |    7.60 | berry      |
| b5   |  107 |    3.60 | lychee     |
| bs1  |  102 |   11.20 | orange     |
+------+------+---------+------------+
6 rows in set (0.00 sec)

```

实验

```mysql
#求水果表中的价格最高的水果记录  (倒序+取第一位)
mysql> select * from fruits  order by f_price desc,f_name limit 1;
+------+------+---------+--------+
| f_id | s_id | f_price | f_name |
+------+------+---------+--------+
| m2   |  105 |   33.70 | duiian |
+------+------+---------+--------+
1 row in set (0.00 sec)
```



### 聚合函数sum





聚合函数平均值

```mysql
#求每个供应商提供的水果的平均价格

select s_id,avg(f_price) from fruits  order by f_price;
```

