## 连接查询（多个表查询）

内链接与外连接

```mysql
1. 内连接:   通常使用比较运算符进行表之间的数据比较，并且列表符合条件的数据，组成新的记录
#由于只显示符合条件的数据造成数据丢失问题

#关键字
[inner]join

2. 外连接

左连接 left [outer] join #返回包括左表中的所有记录和右表中与之连接字段相等的记录
右连接 right [outer] join #返回包括右表中的所有记录和左表中与之连接字段相等的记录
```



## 1内连接案例

### 1 前置环境 (基于昨天的表和这个表)

```mysql
#创建测试表
create table suppliers(
s_id int not null auto_increment,
s_name char(50) not null,
s_city char(50) null,
s_zip char(10) null,
s_call char(50) not null,
primary key(s_id)) engine=innodb;
#engine=innodb 再建表的时候修改存储引擎


#添加数据
insert into suppliers values(101,'fastfruits inc','tianjin','300000',48075),
(102,'lt supplies','chongqing',400000,44333),
(103,'acme','shanghai',200000,90046),
(104,'fnk inc','zhongshan',528437,11111),
(105,'good set','taiyuan',030000,22222),
(106,'just eat ours','beijing','010',45678),
(107,'sls inc','jinan',450000,66666);
```

案例

```mysql
mysql> select suppliers.s_id,s_name,f_name,f_price from fruits,suppliers where fruits.s_id=suppliers.s_id;

#查询suppliers表中的s_id 字段数据
#查询表fruits表中的 s_name,f_name,f_price数据
#通过where判断两个表中s_id数据都存在的的数据输出
#from fruits,suppliers 表是数据来自于两个表
+------+----------------+------------+---------+
| s_id | s_name         | f_name     | f_price |
+------+----------------+------------+---------+
|  101 | fastfruits inc | apple      |    5.20 |
|  103 | acme           | apricot    |    2.20 |
|  101 | fastfruits inc | blackberry |   10.20 |
|  104 | fnk inc        | berry      |    7.60 |
|  107 | sls inc        | lychee     |    3.60 |
|  102 | lt supplies    | orange     |   11.20 |
|  105 | good set       | watermelon |    8.20 |
|  101 | fastfruits inc | cherry     |    3.20 |
|  104 | fnk inc        | lemon      |    6.40 |
|  106 | just eat ours  | mango      |   15.70 |
|  105 | good set       | duiian     |   33.70 |
|  107 | sls inc        | pear       |   11.60 |
|  103 | acme           | coconut    |    9.20 |
|  102 | lt supplies    | banana     |   10.30 |
|  102 | lt supplies    | grape      |    5.30 |
|  107 | sls inc        | haw        |    3.60 |
+------+----------------+------------+---------+
16 rows in set (0.00 sec)



select suppliers.s_id,s_name,f_name,f_price from fruits inner join suppliers on fruits.s_id=suppliers.s_id;

#这里的inner join 就替代了form
#on 替换了where判断，效果是一样的
+------+----------------+------------+---------+
| s_id | s_name         | f_name     | f_price |
+------+----------------+------------+---------+
|  101 | fastfruits inc | apple      |    5.20 |
|  103 | acme           | apricot    |    2.20 |
|  101 | fastfruits inc | blackberry |   10.20 |
|  104 | fnk inc        | berry      |    7.60 |
|  107 | sls inc        | lychee     |    3.60 |
|  102 | lt supplies    | orange     |   11.20 |
|  105 | good set       | watermelon |    8.20 |
|  101 | fastfruits inc | cherry     |    3.20 |
|  104 | fnk inc        | lemon      |    6.40 |
|  106 | just eat ours  | mango      |   15.70 |
|  105 | good set       | duiian     |   33.70 |
|  107 | sls inc        | pear       |   11.60 |
|  103 | acme           | coconut    |    9.20 |
|  102 | lt supplies    | banana     |   10.30 |
|  102 | lt supplies    | grape      |    5.30 |
|  107 | sls inc        | haw        |    3.60 |
+------+----------------+------------+---------+
16 rows in set (0.00 sec)


#插入数据
insert into suppliers values(108,'yuxin','fuxin',999999,191919);

#再查询
select suppliers.s_id,s_name,f_name,f_price from fruits inner join suppliers on fruits.s_id=suppliers.s_id;
#发现没有变化，因为在水果表中并没有108的数据
```

## 2. 外连接案例



```mysql
#左连接left

select fruits.s_id,suppliers.s_id,f_name from fruits left outer join suppliers on fruits.s_id=suppliers.s_id;
#on 就是条件判断和where


#如何判断左右表：位于连接条件左边的表，为左表，右边为右表
+------+------+------------+
| s_id | s_id | f_name     |
+------+------+------------+
|  101 |  101 | apple      |
|  103 |  103 | apricot    |
|  101 |  101 | blackberry |
|  104 |  104 | berry      |
|  107 |  107 | lychee     |
|  102 |  102 | orange     |
|  105 |  105 | watermelon |
|  101 |  101 | cherry     |
|  104 |  104 | lemon      |
|  106 |  106 | mango      |
|  105 |  105 | duiian     |
|  107 |  107 | pear       |
|  103 |  103 | coconut    |
|  102 |  102 | banana     |
|  102 |  102 | grape      |
|  107 |  107 | haw        |
+------+------+------------+
16 rows in set (0.00 sec)


#右连接right
select fruits.s_id,suppliers.s_id,f_name from fruits right outer join suppliers on fruits.s_id=suppliers.s_id;


+------+------+------------+
| s_id | s_id | f_name     |
+------+------+------------+
|  101 |  101 | apple      |
|  103 |  103 | apricot    |
|  101 |  101 | blackberry |
|  104 |  104 | berry      |
|  107 |  107 | lychee     |
|  102 |  102 | orange     |
|  105 |  105 | watermelon |
|  101 |  101 | cherry     |
|  104 |  104 | lemon      |
|  106 |  106 | mango      |
|  105 |  105 | duiian     |
|  107 |  107 | pear       |
|  103 |  103 | coconut    |
|  102 |  102 | banana     |
|  102 |  102 | grape      |
|  107 |  107 | haw        |
| NULL |  108 | NULL       |
+------+------+------------+
17 rows in set (0.00 sec)



#无论左右链接，在连接关键字左边为左表，右边为右表，与内连接的区别在于外连接会输出左表或右表的所有信息，但内连接会丢弃掉一部分数据，造成显示不完整问题
```



### 子查询

```mysql
#当使用子查询时会产生临时表，外层查询实际上属于对于子查询中产生的临时表继续查询得到的新的记录，产生子查询的过程

#指的是一个查询语句内部，嵌套另一个查询语句，在mysql4.1版本以后使用
#
#任何一个可以的到结果的子查询，把括号中的内容单独进行查询都可以得到结果


any			符合一个条件即可输出数据
all			符合所有条件即可输出数据
exists		判定子查询的内容是否存在，如果存在执行外层查询语句，如果不存在，停止外层查询返回empty set
not exists	判定子查询内容是否不存在，如果不存在执行外层查询语句，如果存在，停止外层查询返回empty set
```



```mysql
一个查询语句内部嵌套另一个查询语句，在mysql 4.1版本之后开始使用

any      符合一个条件即可输出数据
all      符合所有条件才能输出

exists    判定子查询的内容是否存在
not exists   判断子查询的数据是否存在



#EXISTS			 判断子查询的内容是否存在，如果存在，执行外层查询语句，如果不存在，停止外层查询返回empty set

#NOT EXISTS	判断子查询内容是否不存在，如果不存在，执行外层查询语句，如果存在，停止外层查询返回empty set

'当使用子查询时会产生临时表，外层查询实际上属于对于子查询中产生的临时表继续查询得到新的记录，产生子查询的过程需要额外消耗资源'

#任何一个可以得到结果的子查询，把括号里的内容单独进行查询都可以得到结果


```





### 五、联合查询

语法：

```mysql
SELECT CONLUMN FROM 表名

UNION [ALL]

SELECT CONLUMN FROM 表名


#将俩个查询语句的结果连个起来进行显示

#如果带ALL将不过滤任何数据，如果不加ALL将会过滤重复数据

#联合查询前后的查询语句字段的数量需要一致，且仅仅是连接在一起进行查看，对于数据类型没有任何要求
```



### 练习：

查询每个供应商提供的加个最高的水果

```mysql
mysql> select s_id,f_name,f_price from fruits where (s_id,f_price) in (select s_id,max(f_price) from fruits group by s_id ) order by s_id;
+------+------------+---------+
| s_id | f_name     | f_price |
+------+------------+---------+
|  101 | blackberry |   10.20 |
|  102 | orange     |   11.20 |
|  103 | coconul    |    9.20 |
|  104 | berry      |    7.60 |
|  105 | durian     |   33.70 |
|  106 | mango      |   15.70 |
|  107 | pear       |   11.60 |
+------+------------+---------+
7 rows in set (0.00 sec)
```




















