| test_table1表结构 |            |      |      |      |      |      |
| ----------------- | ---------- | ---- | ---- | ---- | ---- | ---- |
| 字段名            | 数据类型   | 主键 | 外键 | 非空 | 唯一 | 自增 |
| id                | int(11)    | 否   | 否   | 是   | 是   | 是   |
| name              | CHAR(100） | 否   | 否   | 是   | 否   | 否   |
| address           | CHAR(100） | 否   | 否   | 否   | 否   | 否   |
| description       | CHAR(100） | 否   | 否   | 否   | 否   | 否   |



| test_table2表结构 |            |      |      |      |      |      |
| ----------------- | ---------- | ---- | ---- | ---- | ---- | ---- |
| 字段名            | 数据类型   | 主键 | 外键 | 非空 | 唯一 | 自增 |
| id                | int(11)    | 是   | 否   | 是   | 是   | 否   |
| firstname         | CHAR(50）  | 否   | 否   | 是   | 否   | 否   |
| middlename        | CHAR(50）  | 否   | 否   | 是   | 否   | 否   |
| lastname          | CHAR(50）  | 否   | 否   | 是   | 否   | 否   |
| birth             | DATE       | 否   | 否   | 是   | 否   | 否   |
| title             | CHAR(100） | 否   | 否   | 否   | 否   | 否   |



### 1、创建数据库index_test

```mysql
create database index_test;
use index_test;

```

### 2、创建表test_table1，创建数据表test_table2，存储引擎为MyISAM

```mysql
 #test_table1表
 create table test_table1( id int(11) not null auto_increment,
                          name char(100) not null,
                          address char(100),
                          description char(100),
                          constraint un_id unique(id))engine=myisam;

#test_table2
create table test_table2( id int(11) primary key ,
                         firstname char(50) not null,
                         middlename char(50) not null ,
                         lastname char(50) not null,
                         birth date not null,
                         title char(100))engine=myisam;



```

### 3、使用ALTER TABLE 语句在test_table2的birth字段上，建立名称为ComDateIdx的普通索引

```mysql
#修改
alter table test_table2 add index  comdateidx(birth);

#查看
mysql> show create table test_table2\G
*************************** 1. row ***************************
       Table: test_table2
Create Table: CREATE TABLE `test_table2` (
  `id` int(11) NOT NULL,
  `firstname` char(50) NOT NULL,
  `middlename` char(50) NOT NULL,
  `lastname` char(50) NOT NULL,
  `birth` date NOT NULL,
  `title` char(100) DEFAULT NULL,
  PRIMARY KEY (`id`),
  KEY `comdateidx` (`birth`)  #普通索引
) ENGINE=MyISAM DEFAULT CHARSET=utf8
1 row in set (0.00 sec)

```

### 4、使用ALTER TABLE 语句在表test_table2的id字段上，添加名称为UniqIdx2的唯一索引

```mysql
alter table test_table2 add unique UniqIdx2(id);

mysql> show create table test_table2\G
*************************** 1. row ***************************
       Table: test_table2
Create Table: CREATE TABLE `test_table2` (
  `id` int(11) NOT NULL,
  `firstname` char(50) NOT NULL,
  `middlename` char(50) NOT NULL,
  `lastname` char(50) NOT NULL,
  `birth` date NOT NULL,
  `title` char(100) DEFAULT NULL,
  PRIMARY KEY (`id`),
  UNIQUE KEY `UniqIdx2` (`id`),
  KEY `comdateidx` (`birth`)
) ENGINE=MyISAM DEFAULT CHARSET=utf8
1 row in set (0.00 sec)

#验证索引是否有效，插入数据
insert into test_table2 values(1,'aa','aa','aa','19970605','aa');
insert into test_table2 values(2,'bb','bb','bb','19970605','bb');
insert into test_table2 values(3,'cc','cc','cc','19970605','cc');

#查看唯一性索引
mysql> explain select * from test_table2 where id=2\G
*************************** 1. row ***************************
           id: 1          #select 标识符
  select_type: SIMPLE     #查询类型，简单查询
        table: test_table2     #查询表
         type: const          #连接类型
possible_keys: PRIMARY,UniqIdx2   #可能用的索引
          key: PRIMARY         #实际用的索引
      key_len: 4              #索引的长度
          ref: const
         rows: 1       #在得到正确结果之前，需要找到的条目数量
        Extra: NULL
1 row in set (0.00 sec)
#说明找到该索引数据只要一次即可，并且不需要手动执行索引，是存储引擎自动执行的
#如果没添加唯一索引，查询时，遍历整个数据，去查询你单挑数据，即使你是唯一的数据，依然会遍历整个数据库
#添加唯一索引就是让系统知道你这个数据只有一条，它就不再往下找了


```

### 5、使用CREATE INDEX在firstname、middlename和lastname 3个字段上建立名称为MultiColIdx2的组合索引

```mysql
#CREATE INDEX 语句用于在表中创建索引。

create index multicolldx2 on test_table2 (firstname,middlename,lastname);

mysql> show create table test_table2\G
*************************** 1. row ***************************
       Table: test_table2
Create Table: CREATE TABLE `test_table2` (
  `id` int(11) NOT NULL,
  `firstname` char(50) NOT NULL,
  `middlename` char(50) NOT NULL,
  `lastname` char(50) NOT NULL,
  `birth` date NOT NULL,
  `title` char(100) DEFAULT NULL,
  PRIMARY KEY (`id`),
  UNIQUE KEY `UniqIdx2` (`id`),
  KEY `comdateidx` (`birth`),
  KEY `multicolldx2` (`firstname`,`middlename`,`lastname`)
    #联合索引
) ENGINE=MyISAM DEFAULT CHARSET=utf8
1 row in set (0.00 sec)


#查看
mysql> explain select * from test_table2 where firstname='bb'\G
*************************** 1. row ***************************
           id: 1
  select_type: SIMPLE
        table: test_table2
         type: ref
possible_keys: multicolldx2    #索引名称
          key: multicolldx2
      key_len: 150
          ref: const
         rows: 1               #查询数据的条数
        Extra: Using index condition
1 row in set (0.00 sec)


#最左前缀原则：
#在进行查找数据的同时要带上最左侧的字段进行匹配才会使用组合索引

mysql> explain select * from test_table2 where firstname='bb' and middlename='bb' and lastname='bb'\G
*************************** 1. row ***************************
           id: 1
  select_type: SIMPLE
        table: test_table2
         type: ref
possible_keys: multicolldx2
          key: multicolldx2
      key_len: 450
          ref: const,const,const
         rows: 1
        Extra: Using index condition
1 row in set (0.00 sec)

```

### 6、使用CREATE INDEX在title字段上建立名称为FTIdx的全文索引

```mysql
create fulltext index FTIdx on test_table2 (title);

#查看
mysql> show create table test_table2\G
*************************** 1. row ***************************
       Table: test_table2
Create Table: CREATE TABLE `test_table2` (
  `id` int(11) NOT NULL,
  `firstname` char(50) NOT NULL,
  `middlename` char(50) NOT NULL,
  `lastname` char(50) NOT NULL,
  `birth` date NOT NULL,
  `title` char(100) DEFAULT NULL,
  PRIMARY KEY (`id`),
  UNIQUE KEY `UniqIdx2` (`id`),
  KEY `comdateidx` (`birth`),
  KEY `multicolldx2` (`firstname`,`middlename`,`lastname`),
  FULLTEXT KEY `FTIdx` (`title`)  #全文索引
) ENGINE=MyISAM DEFAULT CHARSET=utf8
1 row in set (0.00 sec)

```

### 7、使用ALTER TABLE语句删除表test_table1中名称为UniqIdx的唯一索引

```mysql
alter table test_table2  drop  index UniqIdx2;
```

### 8、使用DROP IDNEX语句删除表test_table2中名称为MultiColIdx2的组合索引

```mysql
drop index multicolldx2 on test_table2;
```



