| books表结构 |          |              |      |      |      |      |      |
| ----------- | -------- | ------------ | ---- | ---- | ---- | ---- | ---- |
| 字段名      | 字段说明 | 数据类型     | 主键 | 外键 | 非空 | 唯一 | 自增 |
| b_id        | 书编号   | INT(11)      | 是   | 否   | 是   | 是   | 否   |
| b_name      | 书名     | VARCHAR(50)  | 否   | 否   | 是   | 否   | 否   |
| authors     | 作者     | VARCHAR(100) | 否   | 否   | 是   | 否   | 否   |
| price       | 价格     | FLOAT        | 否   | 否   | 是   | 否   | 否   |
| pubdate     | 出版日期 | YEAR         | 否   | 否   | 是   | 否   | 否   |
| note        | 说明     | VARCHAR(100) | 否   | 否   | 否   | 否   | 否   |
| num         | 库存     | INT(11)      | 否   | 否   | 是   | 否   | 否   |



| books表中的记录 |               |                 |       |         |          |      |
| --------------- | ------------- | --------------- | ----- | ------- | -------- | ---- |
| b_id            | b_name        | authors         | price | pubdate | note     | num  |
| 1               | Tale of AAA   | Dickes          | 23    | 1995    | novel    | 11   |
| 2               | EmmaT         | Jane lura       | 35    | 1993    | joke     | 22   |
| 3               | Story of Jane | Jane Tim        | 40    | 2001    | novel    | 0    |
| 4               | Lovey Day     | George Byron    | 20    | 2005    | novel    | 30   |
| 5               | Old Land      | Honore Blade    | 30    | 2010    | law      | 0    |
| 6               | The Battle    | Upton Sara      | 30    | 1999    | medicine | 40   |
| 7               | Rose Hood     | Richard Haggard | 28    | 2008    | cartoon  | 28   |



### 0、创建一个你的名字的库

```
create database liuwei;
```

### 1、创建数据表books

```mysql
create table books(
    b_id int(11) primary key,
    b_name varchar(50) not null,
    authors varchar(100) not null ,
    price float not null,
    pubdate year not null, 
    note varchar(100) , 
    num int(11));

```

### 2、将记录插入到表当中  指定字段名  不指定字段名  同时插入多条 三种方式插入	

```mysql
#3种方法

'#插入数据
insert into 表名 values(值)
#主键重复时忽略
insert  ignore into  表名 values(值)
#主键或unique索引重复时替换
replace into 表名 values(值)'



#方法1
insert into books values
(1,'Tale of AAA','Dickes',23,1995,'novel',11),
(2,'EmmaT','Jane lura',35,1993,'joke',22),
(3,'Story of Jane','Jane Tim',40,2001,'novel',0),
(4,'Lovey Day','George Byron',20,2005,'novel',30),
(5,'Old Land','Honore Blade',30,2010,'law',0),
(6,'The Battle','Upton Sara',30,1999,'medicine',40),
(7,'Rose Hood','Richard Haggard',28,2008,'cartoon',28);

#清空数据
 truncate table books;


#方法2
insert ignore into books values
(1,'Tale of AAA','Dickes',23,1995,'novel',11),
(2,'EmmaT','Jane lura',35,1993,'joke',22),
(3,'Story of Jane','Jane Tim',40,2001,'novel',0),
(4,'Lovey Day','George Byron',20,2005,'novel',30),
(5,'Old Land','Honore Blade',30,2010,'law',0),
(6,'The Battle','Upton Sara',30,1999,'medicine',40),
(7,'Rose Hood','Richard Haggard',28,2008,'cartoon',28);

#清空数据
 truncate table books;
 
#方法2
replace into books values
(1,'Tale of AAA','Dickes',23,1995,'novel',11),
(2,'EmmaT','Jane lura',35,1993,'joke',22),
(3,'Story of Jane','Jane Tim',40,2001,'novel',0),
(4,'Lovey Day','George Byron',20,2005,'novel',30),
(5,'Old Land','Honore Blade',30,2010,'law',0),
(6,'The Battle','Upton Sara',30,1999,'medicine',40),
(7,'Rose Hood','Richard Haggard',28,2008,'cartoon',28);
```

### 3、将小说类型（novel）的书的价格都增加5	

```mysql
#修改表数据，set定义临时变量
update  books set price=price+5 where note='novel';


mysql> select * from books;
+------+---------------+-----------------+-------+---------+----------+------+
| b_id | b_name        | authors         | price | pubdate | note     | num  |
+------+---------------+-----------------+-------+---------+----------+------+
|    1 | Tale of AAA   | Dickes          |    28 |    1995 | novel    |   11 |
|    2 | EmmaT         | Jane lura       |    35 |    1993 | joke     |   22 |
|    3 | Story of Jane | Jane Tim        |    45 |    2001 | novel    |    0 |
|    4 | Lovey Day     | George Byron    |    25 |    2005 | novel    |   30 |
|    5 | Old Land      | Honore Blade    |    30 |    2010 | law      |    0 |
|    6 | The Battle    | Upton Sara      |    30 |    1999 | medicine |   40 |
|    7 | Rose Hood     | Richard Haggard |    28 |    2008 | cartoon  |   28 |
+------+---------------+-----------------+-------+---------+----------+------+
7 rows in set (0.00 sec)

```

### 4、将名称为EmmaT的书的价格都改为40，名将说明改为drama	

```mysql
mysql> update  books set price=40,authors='drama'  where b_name='EmmaT';
Query OK, 1 row affected (0.01 sec)
Rows matched: 1  Changed: 1  Warnings: 0

mysql> select * from books;
+------+---------------+-----------------+-------+---------+----------+------+
| b_id | b_name        | authors         | price | pubdate | note     | num  |
+------+---------------+-----------------+-------+---------+----------+------+
|    1 | Tale of AAA   | Dickes          |    28 |    1995 | novel    |   11 |
|    2 | EmmaT         | drama           |    40 |    1993 | joke     |   22 |
|    3 | Story of Jane | Jane Tim        |    45 |    2001 | novel    |    0 |
|    4 | Lovey Day     | George Byron    |    25 |    2005 | novel    |   30 |
|    5 | Old Land      | Honore Blade    |    30 |    2010 | law      |    0 |
|    6 | The Battle    | Upton Sara      |    30 |    1999 | medicine |   40 |
|    7 | Rose Hood     | Richard Haggard |    28 |    2008 | cartoon  |   28 |
+------+---------------+-----------------+-------+---------+----------+------+
7 rows in set (0.00 sec)


```

### 5、删除num等于0的数据		

```mysql
delete from books where num=0;


mysql> select * from books;
+------+-------------+-----------------+-------+---------+----------+------+
| b_id | b_name      | authors         | price | pubdate | note     | num  |
+------+-------------+-----------------+-------+---------+----------+------+
|    1 | Tale of AAA | Dickes          |    28 |    1995 | novel    |   11 |
|    2 | EmmaT       | drama           |    40 |    1993 | joke     |   22 |
|    4 | Lovey Day   | George Byron    |    25 |    2005 | novel    |   30 |
|    6 | The Battle  | Upton Sara      |    30 |    1999 | medicine |   40 |
|    7 | Rose Hood   | Richard Haggard |    28 |    2008 | cartoon  |   28 |
+------+-------------+-----------------+-------+---------+----------+------+
5 rows in set (0.00 sec)

```



