

## 课后实验



| employee表结构     |            |              |         |           |          |            |      |
| ------------------ | ---------- | ------------ | ------- | --------- | -------- | ---------- | ---- |
| 字段名             | 字段说明   | 数据类型     | 主键    | 外键      | 非空     | 唯一       | 自增 |
| e_no               | 员工编号   | INT(11)      | 否      | 否        | 是       | 是         | 否   |
| e_name             | 员工姓名   | VARCHAR(50)  | 否      | 否        | 是       | 否         | 否   |
| e_gender           | 员工性别   | CHAR(2)      | 否      | 否        | 否       | 否         | 否   |
| dept_no            | 部门编号   | INT(11)      | 否      | 否        | 是       | 否         | 否   |
| e_job              | 职位       | varchar(50)  | 否      | 否        | 是       | 否         | 否   |
| e_salary           | 薪水       | INT(11)      | 否      | 否        | 是       | 否         | 否   |
| hireDate           | 入职日期   | DATE         | 否      | 否        | 是       | 否         | 否   |
|                    |            |              |         |           |          |            |      |
|                    |            |              |         |           |          |            |      |
| dept表结构         |            |              |         |           |          |            |      |
| 字段名             | 字段说明   | 数据类型     | 主键    | 外键      | 非空     | 唯一       | 自增 |
| d_no               | 部门编号   | INT(11)      | 是      | 否        | 是       | 是         | 是   |
| d_name             | 部门名称   | VARCHAR(50)  | 否      | 否        | 是       | 否         | 否   |
| d_location         | 部门地址   | VARCHAR(100) | 否      | 否        | 否       | 否         | 否   |
|                    |            |              |         |           |          |            |      |
|                    |            |              |         |           |          |            |      |
| employee表中的记录 |            |              |         |           |          |            |      |
| e_no               | e_name     | e_gender     | dept_no | e_job     | e_salary | hireDate   |      |
| 1001               | SMITH      | m            | 20      | CLERK     | 800      | 2005/11/12 |      |
| 1002               | ALLEN      | f            | 30      | SALESMAN  | 1600     | 2003/5/12  |      |
| 1003               | WARD       | f            | 30      | SALESMAN  | 1250     | 2003/5/12  |      |
| 1004               | JONES      | m            | 20      | MANAGER   | 2975     | 1998/5/18  |      |
| 1005               | MARTIN     | m            | 30      | SALESMAN  | 1250     | 2001/6/12  |      |
| 1006               | BLAKE      | f            | 30      | MANAGER   | 2850     | 1997/2/15  |      |
| 1007               | CLARK      | m            | 10      | MANAGER   | 2450     | 2002/9/12  |      |
| 1008               | SCOTT      | m            | 20      | ANALYSE   | 3000     | 2003/5/12  |      |
| 1009               | KING       | f            | 10      | PRESIDENT | 5000     | 1995/1/1   |      |
| 1010               | TURNER     | f            | 30      | SALESMAN  | 1500     | 1997/10/12 |      |
| 1011               | ADAMS      | m            | 20      | CLERK     | 1100     | 1999/10/5  |      |
| 1012               | JAMES      | f            | 30      | CLERK     | 950      | 2008/6/15  |      |
|                    |            |              |         |           |          |            |      |
|                    |            |              |         |           |          |            |      |
| dept表中的记录     |            |              |         |           |          |            |      |
| d_no               | d_name     | d_location   |         |           |          |            |      |
| 10                 | ACCOUNTING | ShangHai     |         |           |          |            |      |
| 20                 | RESEARCH   | BeiJing      |         |           |          |            |      |
| 30                 | SALES      | ShenZhen     |         |           |          |            |      |
| 40                 | OPERATIONS | FuJian       |         |           |          |            |      |



1、创建数据表employee和dept，并插入数据

```mysql
#创建表1
create table employee(e_no int(11) not null,
                      e_name varchar(50) not null,
                      e_gender char(2), dept_no int(11) ,
                      e_job varchar(50) not null,
                      e_salary int(11) not null,
                      hiredate date not null,
                      constraint uni_test1 unique (e_name));


#创建表2
 create table dept (d_no int(11) primary key ,
                    d_name varchar(50) not null,
                    d_location varchar(100));

#插入表1数据
insert into employee values(1001,'SMITH','m',20,'CLERK',800,'2005/11/12'),
(1002,'ALLEN','f',30,'SALESMAN',1600,'2003/5/12'),
(1003,'WARD','f',30,'SALESMAN',1250,'2003/5/12'),
(1004,'JONES','m',20,'MANAGER',2975,'1998/5/18'),
(1005,'MARTIN','m',30,'SALESMAN',1250,'2001/6/12'),
(1006,'BLAKE','f',30,'MANAGER',2850,'1997/2/15'),
(1007,'CLARK','m',10,'MANAGER',2450,'2002/9/12'),
(1008,'SCOTT','m',20,'ANALYSE',3000,'2003/5/12'),
(1009,'KING','f',10,'PRESIDENT',5000,'1995/1/1'),
(1010,'TURNER','f',30,'SALESMAN',1500,'1997/10/12'),
(1011,'ADAMS','m',20,'CLERK',1100,'1999/10/5'),
(1012,'JAMES','f',30,'CLERK',950,'2008/6/15');


#插入表2 数据
insert into dept values(10,'ACCOUNTING','ShangHai'),
(20,'RESEARCH','BeiJing'),
(30,'SALES','ShenZhen'),
(40,'OPERATIONS','FuJian');
```

2、在employee表中，查询所有记录的e_no，e_name和e_salary字段值

```mysql
mysql> select e_no,e_name,e_salary from employee;
+------+--------+----------+
| e_no | e_name | e_salary |
+------+--------+----------+
| 1011 | ADAMS  |     1100 |
| 1002 | ALLEN  |     1600 |
| 1006 | BLAKE  |     2850 |
| 1007 | CLARK  |     2450 |
| 1012 | JAMES  |      950 |
| 1004 | JONES  |     2975 |
| 1009 | KING   |     5000 |
| 1005 | MARTIN |     1250 |
| 1008 | SCOTT  |     3000 |
| 1001 | SMITH  |      800 |
| 1010 | TURNER |     1500 |
| 1003 | WARD   |     1250 |
+------+--------+----------+
12 rows in set (0.00 sec)

```

3、在employee表中，查询dept_no等于10和20的所有记录

```mysql
mysql> select * from employee where dept_no=10 or dept_no=20;
+------+--------+----------+---------+-----------+----------+------------+
| e_no | e_name | e_gender | dept_no | e_job     | e_salary | hiredate   |
+------+--------+----------+---------+-----------+----------+------------+
| 1011 | ADAMS  | m        |      20 | CLERK     |     1100 | 1999-10-05 |
| 1007 | CLARK  | m        |      10 | MANAGER   |     2450 | 2002-09-12 |
| 1004 | JONES  | m        |      20 | MANAGER   |     2975 | 1998-05-18 |
| 1009 | KING   | f        |      10 | PRESIDENT |     5000 | 1995-01-01 |
| 1008 | SCOTT  | m        |      20 | ANALYSE   |     3000 | 2003-05-12 |
| 1001 | SMITH  | m        |      20 | CLERK     |      800 | 2005-11-12 |
+------+--------+----------+---------+-----------+----------+------------+

```

4、在employee表中，查询工资范围在800~2500之间的员工信息

```mysql
mysql> select * from employee where e_salary >= 800 and e_salary <= 2500;
+------+--------+----------+---------+----------+----------+------------+
| e_no | e_name | e_gender | dept_no | e_job    | e_salary | hiredate   |
+------+--------+----------+---------+----------+----------+------------+
| 1011 | ADAMS  | m        |      20 | CLERK    |     1100 | 1999-10-05 |
| 1002 | ALLEN  | f        |      30 | SALESMAN |     1600 | 2003-05-12 |
| 1007 | CLARK  | m        |      10 | MANAGER  |     2450 | 2002-09-12 |
| 1012 | JAMES  | f        |      30 | CLERK    |      950 | 2008-06-15 |
| 1005 | MARTIN | m        |      30 | SALESMAN |     1250 | 2001-06-12 |
| 1001 | SMITH  | m        |      20 | CLERK    |      800 | 2005-11-12 |
| 1010 | TURNER | f        |      30 | SALESMAN |     1500 | 1997-10-12 |
| 1003 | WARD   | f        |      30 | SALESMAN |     1250 | 2003-05-12 |
+------+--------+----------+---------+----------+----------+------------+

```

5、在employee表中，查询部门编号为20的部门中的员工信息

```mysql
mysql> select * from employee where dept_no = 20;
+------+--------+----------+---------+---------+----------+------------+
| e_no | e_name | e_gender | dept_no | e_job   | e_salary | hiredate   |
+------+--------+----------+---------+---------+----------+------------+
| 1011 | ADAMS  | m        |      20 | CLERK   |     1100 | 1999-10-05 |
| 1004 | JONES  | m        |      20 | MANAGER |     2975 | 1998-05-18 |
| 1008 | SCOTT  | m        |      20 | ANALYSE |     3000 | 2003-05-12 |
| 1001 | SMITH  | m        |      20 | CLERK   |      800 | 2005-11-12 |
+------+--------+----------+---------+---------+----------+------------+

```

6、在employee表中，查询每个部门最高工资的员工信息

```mysql
mysql> select dept_no,count(*),max(e_salary) from employee group by dept_no;
+---------+----------+---------------+
| dept_no | count(*) | max(e_salary) |
+---------+----------+---------------+
|      10 |        2 |          5000 |
|      20 |        4 |          3000 |
|      30 |        6 |          2850 |
+---------+----------+------------
#先根据部门进行分组，可以看到分为3组了，count来显示组员，max来查看单个组的最大值
```

7、查询员BLAKE所在部门和部门所在地

```mysql
#先找到员工blake的部门编号
mysql> select dept_no,e_name from employee where e_name = 'blake';

#用上面的查询语句作为子查询
mysql> select * from dept where d_no = any(select dept_no from employee where e_name = 'blake');
+------+--------+------------+
| d_no | d_name | d_location |
+------+--------+------------+
|   30 | SALES  | ShenZhen   |
+------+--------+------------+
1 row in set (0.00 sec)

```

8、使用连接查询、查询所有员工的部门和部门信息

```mysql
#同时查询两张表，使用部门编号进行对照排序
mysql> select  * from employee,dept  where dept.d_no=employee.dept_no;
+------+--------+----------+---------+-----------+----------+------------+------+------------+------------+
| e_no | e_name | e_gender | dept_no | e_job     | e_salary | hiredate   | d_no | d_name     | d_location |
+------+--------+----------+---------+-----------+----------+------------+------+------------+------------+
| 1007 | CLARK  | m        |      10 | MANAGER   |     2450 | 2002-09-12 |   10 | ACCOUNTING | ShangHai   |
| 1009 | KING   | f        |      10 | PRESIDENT |     5000 | 1995-01-01 |   10 | ACCOUNTING | ShangHai   |
| 1011 | ADAMS  | m        |      20 | CLERK     |     1100 | 1999-10-05 |   20 | RESEARCH   | BeiJing    |
| 1004 | JONES  | m        |      20 | MANAGER   |     2975 | 1998-05-18 |   20 | RESEARCH   | BeiJing    |
| 1008 | SCOTT  | m        |      20 | ANALYSE   |     3000 | 2003-05-12 |   20 | RESEARCH   | BeiJing    |
| 1001 | SMITH  | m        |      20 | CLERK     |      800 | 2005-11-12 |   20 | RESEARCH   | BeiJing    |
| 1002 | ALLEN  | f        |      30 | SALESMAN  |     1600 | 2003-05-12 |   30 | SALES      | ShenZhen   |
| 1006 | BLAKE  | f        |      30 | MANAGER   |     2850 | 1997-02-15 |   30 | SALES      | ShenZhen   |
| 1012 | JAMES  | f        |      30 | CLERK     |      950 | 2008-06-15 |   30 | SALES      | ShenZhen   |
| 1005 | MARTIN | m        |      30 | SALESMAN  |     1250 | 2001-06-12 |   30 | SALES      | ShenZhen   |
| 1010 | TURNER | f        |      30 | SALESMAN  |     1500 | 1997-10-12 |   30 | SALES      | ShenZhen   |
| 1003 | WARD   | f        |      30 | SALESMAN  |     1250 | 2003-05-12 |   30 | SALES      | ShenZhen   |
+------+--------+----------+---------+-----------+----------+------------+------+------------+------------+

```

9、在employee表中，计算每个部门各多少名员工

```mysql
#先查询到所有员工的部门编号，对比两个表的相同字段的基础上 可以查询到所有信息然后将散乱的信息根据d_name去进行分组
mysql> select  d_name,count(*) from employee,dept  where dept.d_no=employee.dept_no group by d_name;
+------------+----------+
| d_name     | count(*) |
+------------+----------+
| ACCOUNTING |        2 |
| RESEARCH   |        4 |
| SALES      |        6 |
+------------+----------+
3 rows in set (0.00 sec)
```

10、在employee表中，计算不同类型职工的总工资数

```mysql
#查看职位字段，sum 综合该组所有金钱，基于职位分组
mysql> select  e_job,count(*),sum(e_salary) from employee  group by e_job;
+-----------+----------+---------------+
| e_job     | count(*) | sum(e_salary) |
+-----------+----------+---------------+
| ANALYSE   |        1 |          3000 |
| CLERK     |        3 |          2850 |
| MANAGER   |        3 |          8275 |
| PRESIDENT |        1 |          5000 |
| SALESMAN  |        4 |          5600 |
+-----------+----------+---------------+
5 rows in set (0.00 sec)

```

11、在employee表中，计算不同部门的平均工资

```mysql
mysql> select  d_name,count(*),avg(e_salary) from employee,dept  where dept.d_no=employee.dept_no group by d_name;
+------------+----------+---------------+
| d_name     | count(*) | avg(e_salary) |
+------------+----------+---------------+
| ACCOUNTING |        2 |     3725.0000 |
| RESEARCH   |        4 |     1968.7500 |
| SALES      |        6 |     1566.6667 |
+------------+----------+---------------+
3 rows in set (0.00 sec)
```

12、在employee表中，查询工资低于1500的员工信息

```mysql
mysql> select * from employee where e_salary < 1500;
+------+--------+----------+---------+----------+----------+------------+
| e_no | e_name | e_gender | dept_no | e_job    | e_salary | hiredate   |
+------+--------+----------+---------+----------+----------+------------+
| 1011 | ADAMS  | m        |      20 | CLERK    |     1100 | 1999-10-05 |
| 1012 | JAMES  | f        |      30 | CLERK    |      950 | 2008-06-15 |
| 1005 | MARTIN | m        |      30 | SALESMAN |     1250 | 2001-06-12 |
| 1001 | SMITH  | m        |      20 | CLERK    |      800 | 2005-11-12 |
| 1003 | WARD   | f        |      30 | SALESMAN |     1250 | 2003-05-12 |
+------+--------+----------+---------+----------+----------+------------+

```

13、在employee表中，将查询记录先按照部门编号由高到低排列，在按员工工资由高到低排列

```mysql
#先写出两条查询语句
mysql> select * from employee order by dept_no desc;     #高到低查询部门编号
mysql> select * from employee order by e_salary desc;      #高到低查询工资

#然后包裹(使用子查询)
mysql> select * from (select * from employee order by dept_no desc) temp order by e_salaryy desc;
+------+--------+----------+---------+-----------+----------+------------+
| e_no | e_name | e_gender | dept_no | e_job     | e_salary | hiredate   |
+------+--------+----------+---------+-----------+----------+------------+
| 1009 | KING   | f        |      10 | PRESIDENT |     5000 | 1995-01-01 |
| 1008 | SCOTT  | m        |      20 | ANALYSE   |     3000 | 2003-05-12 |
| 1004 | JONES  | m        |      20 | MANAGER   |     2975 | 1998-05-18 |
| 1006 | BLAKE  | f        |      30 | MANAGER   |     2850 | 1997-02-15 |
| 1007 | CLARK  | m        |      10 | MANAGER   |     2450 | 2002-09-12 |
| 1002 | ALLEN  | f        |      30 | SALESMAN  |     1600 | 2003-05-12 |
| 1010 | TURNER | f        |      30 | SALESMAN  |     1500 | 1997-10-12 |
| 1003 | WARD   | f        |      30 | SALESMAN  |     1250 | 2003-05-12 |
| 1005 | MARTIN | m        |      30 | SALESMAN  |     1250 | 2001-06-12 |
| 1011 | ADAMS  | m        |      20 | CLERK     |     1100 | 1999-10-05 |
| 1012 | JAMES  | f        |      30 | CLERK     |      950 | 2008-06-15 |
| 1001 | SMITH  | m        |      20 | CLERK     |      800 | 2005-11-12 |
+------+--------+----------+---------+-----------+----------+------------+
12 rows in set (0.00 sec)

#temp 是给这个表创建的别名
```

14、在employee表中，查询员工姓名以字母A或S开头的员工信息

```mysql
mysql> select * from employee where e_name regexp 'a|s';
#使用regexp去匹配多个字符
+------+--------+----------+---------+----------+----------+------------+
| e_no | e_name | e_gender | dept_no | e_job    | e_salary | hiredate   |
+------+--------+----------+---------+----------+----------+------------+
| 1011 | ADAMS  | m        |      20 | CLERK    |     1100 | 1999-10-05 |
| 1002 | ALLEN  | f        |      30 | SALESMAN |     1600 | 2003-05-12 |
| 1006 | BLAKE  | f        |      30 | MANAGER  |     2850 | 1997-02-15 |
| 1007 | CLARK  | m        |      10 | MANAGER  |     2450 | 2002-09-12 |
| 1012 | JAMES  | f        |      30 | CLERK    |      950 | 2008-06-15 |
| 1004 | JONES  | m        |      20 | MANAGER  |     2975 | 1998-05-18 |
| 1005 | MARTIN | m        |      30 | SALESMAN |     1250 | 2001-06-12 |
| 1008 | SCOTT  | m        |      20 | ANALYSE  |     3000 | 2003-05-12 |
| 1001 | SMITH  | m        |      20 | CLERK    |      800 | 2005-11-12 |
| 1003 | WARD   | f        |      30 | SALESMAN |     1250 | 2003-05-12 |
+------+--------+----------+---------+----------+----------+------------+
10 rows in set (0.00 sec)

```

15、在employee表中，查询到目前为止，工龄大于等于10年的员工信息	

```mysql
mysql> SELECT * FROM employee WHERE hiredate<=DATE_SUB(SYSDATE(),INTERVAL 10 YEAR);
#查询表中hiredate字段中，DATE_SUB是时间差，SYSDATE()返回当前时间
#检查字段时间到当前时间，大于10年 （10 YEAR）
+------+--------+----------+---------+-----------+----------+------------+
| e_no | e_name | e_gender | dept_no | e_job     | e_salary | hiredate   |
+------+--------+----------+---------+-----------+----------+------------+
| 1011 | ADAMS  | m        |      20 | CLERK     |     1100 | 1999-10-05 |
| 1002 | ALLEN  | f        |      30 | SALESMAN  |     1600 | 2003-05-12 |
| 1006 | BLAKE  | f        |      30 | MANAGER   |     2850 | 1997-02-15 |
| 1007 | CLARK  | m        |      10 | MANAGER   |     2450 | 2002-09-12 |
| 1012 | JAMES  | f        |      30 | CLERK     |      950 | 2008-06-15 |
| 1004 | JONES  | m        |      20 | MANAGER   |     2975 | 1998-05-18 |
| 1009 | KING   | f        |      10 | PRESIDENT |     5000 | 1995-01-01 |
| 1005 | MARTIN | m        |      30 | SALESMAN  |     1250 | 2001-06-12 |
| 1008 | SCOTT  | m        |      20 | ANALYSE   |     3000 | 2003-05-12 |
| 1001 | SMITH  | m        |      20 | CLERK     |      800 | 2005-11-12 |
| 1010 | TURNER | f        |      30 | SALESMAN  |     1500 | 1997-10-12 |
| 1003 | WARD   | f        |      30 | SALESMAN  |     1250 | 2003-05-12 |
+------+--------+----------+---------+-----------+----------+------------+
12 rows in set (0.00 sec)

```

​				