### 表数据来自于8.1 查询1练习

# 练习2

1、计算所有女员工（F）的年龄    

```mysql
#先查询所有女员工
select * from employee where e_gender = 'f';

#查看年龄
select *,year(now())-year(hiredate) as age from employee;
#year 代表提取括号内时间日期的年份 减去表中的年份
#now() 代表的是获取当前时间



#组合
mysql> select *,year(curdate())-year(hiredate) as age from employee where e_gender  'f'; 
+------+--------+----------+---------+-----------+----------+------------+------+
| e_no | e_name | e_gender | dept_no | e_job     | e_salary | hiredate   | age  |
+------+--------+----------+---------+-----------+----------+------------+------+
| 1002 | ALLEN  | f        |      30 | SALESMAN  |     1600 | 2003-05-12 |   17 |
| 1006 | BLAKE  | f        |      30 | MANAGER   |     2850 | 1997-02-15 |   23 |
| 1012 | JAMES  | f        |      30 | CLERK     |      950 | 2008-06-15 |   12 |
| 1009 | KING   | f        |      10 | PRESIDENT |     5000 | 1995-01-01 |   25 |
| 1010 | TURNER | f        |      30 | SALESMAN  |     1500 | 1997-10-12 |   23 |
| 1003 | WARD   | f        |      30 | SALESMAN  |     1250 | 2003-05-12 |   17 |
+------+--------+----------+---------+-----------+----------+------------+------+


```



 2、使用LIMIT查询从第3条记录开始到第6条记录 

```mysql
mysql> select * from employee limit 2,4;
#查询表数据, 指定输出第2条开始(不包含第二条),为起点输出4条 2-4   3,4,5,6  行的数据
+------+--------+----------+---------+----------+----------+------------+
| e_no | e_name | e_gender | dept_no | e_job    | e_salary | hireDate   |
+------+--------+----------+---------+----------+----------+------------+
| 1003 | WARD   | f        |      30 | SALESMAN |     1250 | 2003-05-12 |
| 1004 | JONES  | m        |      20 | MANAGER  |     2975 | 1998-05-18 |
| 1005 | MARTIN | m        |      30 | SALESMAN |     1250 | 2001-06-12 |
| 1006 | BLAKE  | f        |      30 | MANAGER  |     2850 | 1997-02-15 |
+------+--------+----------+---------+----------+----------+------------+
4 rows in set (0.00 sec)
```

   

3、查询销售人员（SALSEMAN）的最低工资

```mysql
#查看表中销售人员e_job='SALESMAN'
#min(e_salary)  字段最小值
mysql> select e_job,min(e_salary) from employee where e_job='SALESMAN' group by e_job;
+----------+---------------+
| e_job    | min(e_salary) |
+----------+---------------+
| SALESMAN |          1250 |
+----------+---------------+
1 row in set (0.01 sec)

```

​                

4、查询名字以字母N或者S结尾的记录              

```mysql
#使用regexp '[N,S]$' 去匹配字段e_name的任意包含n或s的最小值
mysql> select * from employee where e_name regexp '[N,S]$';
+------+--------+----------+---------+----------+----------+------------+
| e_no | e_name | e_gender | dept_no | e_job    | e_salary | hireDate   |
+------+--------+----------+---------+----------+----------+------------+
| 1002 | ALLEN  | f        |      30 | SALESMAN |     1600 | 2003-05-12 |
| 1004 | JONES  | m        |      20 | MANAGER  |     2975 | 1998-05-18 |
| 1005 | MARTIN | m        |      30 | SALESMAN |     1250 | 2001-06-12 |
| 1011 | ADAMS  | m        |      20 | CLERK    |     1100 | 1999-10-05 |
| 1012 | JAMES  | f        |      30 | CLERK    |      950 | 2008-06-15 |
+------+--------+----------+---------+----------+----------+------------+
5 rows in set (0.00 sec)

```

​      

5、查询在BeiJing工作的员工的姓名和职务

```mysql
#要查的信息是员工 姓名 职务  e_name,e_job,d_location  地址是北京
#职务是在dept表中，先去匹配职务id
#当职务id匹配后，匹配该职务的地址为北京

mysql> select e_name,e_job,d_location from employee,dept where d_no=dept_no and d_location='BeiJing';
+--------+---------+------------+
| e_name | e_job   | d_location |
+--------+---------+------------+
| SMITH  | CLERK   | BeiJing    |
| JONES  | MANAGER | BeiJing    |
| SCOTT  | ANALYSE | BeiJing    |
| ADAMS  | CLERK   | BeiJing    |
+--------+---------+------------+
4 rows in set (0.00 sec)

```



 6、使用左连接方式查询employee和dept表 

```mysql
#左连接  left outer join，以左表employee为基础  顺便把  dept表的数据也进行输出
#on 的作用相当于where 判断 保证 以两个表中的职务id为比对

mysql> select * from employee left outer join dept on dept.d_no=employee.dept_no;
+------+--------+----------+---------+-----------+----------+------------+------+------------+------------+
| e_no | e_name | e_gender | dept_no | e_job     | e_salary | hireDate   | d_no | d_name     | d_location |
+------+--------+----------+---------+-----------+----------+------------+------+------------+------------+
| 1007 | CLARK  | m        |      10 | MANAGER   |     2450 | 2002-09-12 |   10 | ACCOUNTING | ShangHai   |
| 1009 | KING   | f        |      10 | PRESIDENT |     5000 | 1995-01-01 |   10 | ACCOUNTING | ShangHai   |
| 1001 | SMITH  | m        |      20 | CLERK     |      800 | 2005-11-12 |   20 | RESEARCH   | BeiJing    |
| 1004 | JONES  | m        |      20 | MANAGER   |     2975 | 1998-05-18 |   20 | RESEARCH   | BeiJing    |
| 1008 | SCOTT  | m        |      20 | ANALYSE   |     3000 | 2003-05-12 |   20 | RESEARCH   | BeiJing    |
| 1011 | ADAMS  | m        |      20 | CLERK     |     1100 | 1999-10-05 |   20 | RESEARCH   | BeiJing    |
| 1002 | ALLEN  | f        |      30 | SALESMAN  |     1600 | 2003-05-12 |   30 | SALES      | ShenZhen   |
| 1003 | WARD   | f        |      30 | SALESMAN  |     1250 | 2003-05-12 |   30 | SALES      | ShenZhen   |
| 1005 | MARTIN | m        |      30 | SALESMAN  |     1250 | 2001-06-12 |   30 | SALES      | ShenZhen   |
| 1006 | BLAKE  | f        |      30 | MANAGER   |     2850 | 1997-02-15 |   30 | SALES      | ShenZhen   |
| 1010 | TURNER | f        |      30 | SALESMAN  |     1500 | 1997-10-12 |   30 | SALES      | ShenZhen   |
| 1012 | JAMES  | f        |      30 | CLERK     |      950 | 2008-06-15 |   30 | SALES      | ShenZhen   |
+------+--------+----------+---------+-----------+----------+------------+------+------------+------------+
12 rows in set (0.00 sec)

```



7、查询所有2001~2005年入职的员工的信息，查询部门编号为20和30的员工信息并使用UNION合并两个查询结果

```mysql
#查询2001-2005年入职的员工信息 hireDate > 20010101 and hireDate < 20051230
#union 联合查询
#select * from employee where dept_no regexp '20|30';     指定部门编号是20或30，合并查询

mysql> select * from employee where hireDate > 20010101 and hireDate < 20051230 union select * from employee where dept_no regexp '20|30';
+------+--------+----------+---------+----------+----------+------------+
| e_no | e_name | e_gender | dept_no | e_job    | e_salary | hireDate   |
+------+--------+----------+---------+----------+----------+------------+
| 1001 | SMITH  | m        |      20 | CLERK    |      800 | 2005-11-12 |
| 1002 | ALLEN  | f        |      30 | SALESMAN |     1600 | 2003-05-12 |
| 1003 | WARD   | f        |      30 | SALESMAN |     1250 | 2003-05-12 |
| 1005 | MARTIN | m        |      30 | SALESMAN |     1250 | 2001-06-12 |
| 1007 | CLARK  | m        |      10 | MANAGER  |     2450 | 2002-09-12 |
| 1008 | SCOTT  | m        |      20 | ANALYSE  |     3000 | 2003-05-12 |
| 1004 | JONES  | m        |      20 | MANAGER  |     2975 | 1998-05-18 |
| 1006 | BLAKE  | f        |      30 | MANAGER  |     2850 | 1997-02-15 |
| 1010 | TURNER | f        |      30 | SALESMAN |     1500 | 1997-10-12 |
| 1011 | ADAMS  | m        |      20 | CLERK    |     1100 | 1999-10-05 |
| 1012 | JAMES  | f        |      30 | CLERK    |      950 | 2008-06-15 |
+------+--------+----------+---------+----------+----------+------------+
11 rows in set (0.01 sec)

```

​     

8、使用LIKE查询员工姓名中包括字母a的记录 

```mysql
mysql> select * from employee where e_name like '%a%';
+------+--------+----------+---------+----------+----------+------------+
| e_no | e_name | e_gender | dept_no | e_job    | e_salary | hireDate   |
+------+--------+----------+---------+----------+----------+------------+
| 1002 | ALLEN  | f        |      30 | SALESMAN |     1600 | 2003-05-12 |
| 1003 | WARD   | f        |      30 | SALESMAN |     1250 | 2003-05-12 |
| 1005 | MARTIN | m        |      30 | SALESMAN |     1250 | 2001-06-12 |
| 1006 | BLAKE  | f        |      30 | MANAGER  |     2850 | 1997-02-15 |
| 1007 | CLARK  | m        |      10 | MANAGER  |     2450 | 2002-09-12 |
| 1011 | ADAMS  | m        |      20 | CLERK    |     1100 | 1999-10-05 |
| 1012 | JAMES  | f        |      30 | CLERK    |      950 | 2008-06-15 |
+------+--------+----------+---------+----------+----------+------------+
7 rows in set (0.00 sec)

```

  

9、使用regexp查询员工姓名中包含T\C或者M3个字母中任意1个记录

```mysql
mysql> select * from employee where e_name regexp 'T|C|M';
+------+--------+----------+---------+----------+----------+------------+
| e_no | e_name | e_gender | dept_no | e_job    | e_salary | hireDate   |
+------+--------+----------+---------+----------+----------+------------+
| 1001 | SMITH  | m        |      20 | CLERK    |      800 | 2005-11-12 |
| 1005 | MARTIN | m        |      30 | SALESMAN |     1250 | 2001-06-12 |
| 1007 | CLARK  | m        |      10 | MANAGER  |     2450 | 2002-09-12 |
| 1008 | SCOTT  | m        |      20 | ANALYSE  |     3000 | 2003-05-12 |
| 1010 | TURNER | f        |      30 | SALESMAN |     1500 | 1997-10-12 |
| 1011 | ADAMS  | m        |      20 | CLERK    |     1100 | 1999-10-05 |
| 1012 | JAMES  | f        |      30 | CLERK    |      950 | 2008-06-15 |
+------+--------+----------+---------+----------+----------+------------+
7 rows in set (0.01 sec)

```

