

## 表来自于4.2章练习

```mysql
-- 1、查询Student表中的所有记录的s_name、s_sex和s_class列。
-- 2、 查询教师所有的单位即不重复的t_depart列
-- 3、 查询Student表的所有记录。
-- 4、 查询Score表中成绩在60到80之间的所有记录
-- 5、 查询Score表中成绩为85，86和88的记录。
-- 6、 查询Student表中“95031”班或性别为“女”的同学记录。
-- 7、 以Class降序查询Student表的所有记录。
-- 8、 以c_no升序、grade降序查询Score表的所有记录。
-- 9、 查询“95031”班的学生人数。
-- 10、 查询Score表中的最高分的学生学号和课程号。


-- 11、查询Score表中除了每门课程最高分的学生学号和课程号。
-- 12、 查询每门课的平均成绩。
-- 13、查询Score表中至少有5名学生选修的并以3开头的课程的平均分数。
-- 14、查询分数大于70，小于90的S_id列。
-- 15、查询所有学生的Sname、Cno和grade列。 
-- 16、查询所有学生的S_id、C_name和grade列。
-- 17、查询所有学生的Sname、C_name和grade列。
-- 18、查询选修“3-105”课程的成绩高于“109”号同学成绩的所有同学的记录。
-- 19、查询和学号为108、101的同学同年出生的所有学生的s_id、s_name和s_birthday列。
-- 20、查询“王萍”教师任课的学生成绩。
 

-- 21、查询95033班和95031班全体学生的记录。
-- 22、查询存在有85分以上成绩的课程c_no.
-- 23、查询出“计算机系“教师所教课程的成绩表。
-- 24、查询所在系是“计算 机”与“电子工程系“不同职称的教师的名字和职位。
-- 25、查询选修编号为“3-105“课程且成绩至少高于选修编号为“3-245”的同学的课程编号、学生编号和成绩,并按成绩从高到低次序排序。
-- 26、查询选修编号为“3-105”且成绩高于选修编号为“3-245”课程的同学的课程编号，学生编号和成绩.
-- 27、查询所有教师和同学的名字、性别和出生年月.
-- 28、查询所有“女”教师和“女”同学的名字、性别和出生年月.
-- 29、查询成绩比该课程平均成绩低的同学的成绩表。
-- 30、查询Student表中每个学生的姓名和年龄。
 

-- 31、查询最高分同学的学生编号、课程编号和成绩列。
-- 32、查询所有选修“计算机导论”课程的“男”同学的成绩表。
-- 33、查询本月过生日的学生
-- 34、查询下周过生日的学生
-- 35、检索至少选修两门课程的学生学号
-- 36、查询选修"张旭"老师所授课程的学生中，成绩最高的学生信息及其成绩
-- 37、查询选修了全部课程的学生信息
-- 38、检索至少选修两门课程的学生学号
-- 39、查询课程名称为"数字电路"，且分数不低于80的学生姓名和分数 
```







-- 1、查询Student表中的所有记录的s_name、s_sex和s_class列。

```mysql
mysql> select s_name,s_sex,s_class from student;
+--------+-------+---------+
| s_name | s_sex | s_class |
+--------+-------+---------+
| 李路   | m     | 95031   |
| 周琦   | m     | 95031   |
| 陆一   | m     | 95031   |
| 赵东   | m     | 95033   |
| 李四   | m     | 95031   |
| 吴默   | m     | 95031   |
| 王五   | w     | 95033   |
| 张三   | m     | 95033   |
| 王美   | w     | 95031   |
+--------+-------+---------+
9 rows in set (0.00 sec)

```

-- 2、 查询教师所有的单位即不重复的t_depart列

```mysql
#group by 分组，去重
mysql> select t_depart from teacher group by t_depart;
+--------------+
| t_depart     |
+--------------+
| 电子工程     |
| 计算机       |
+--------------+
2 rows in set (0.00 sec)

#在查询语句中，distinct 字段名  将该字段中的重复值进行删除，只保存不重复的数据
select distinct t_depart from teacher;

```

-- 3、 查询Student表的所有记录。

```mysql
mysql>  select * from student;
+------+--------+------------+-------+---------+
| s_id | s_name | s_birthday | s_sex | s_class |
+------+--------+------------+-------+---------+
|  101 | 李路   | 1993-12-05 | m     | 95031   |
|  102 | 周琦   | 1996-07-01 | m     | 95031   |
|  103 | 陆一   | 1995-06-03 | m     | 95031   |
|  104 | 赵东   | 1992-10-08 | m     | 95033   |
|  105 | 李四   | 1995-10-02 | m     | 95031   |
|  106 | 吴默   | 1997-08-19 | m     | 95031   |
|  107 | 王五   | 1994-01-23 | w     | 95033   |
|  108 | 张三   | 1990-09-01 | m     | 95033   |
|  109 | 王美   | 1995-02-10 | w     | 95031   |
+------+--------+------------+-------+---------+
9 rows in set (0.00 sec)

```

-- 4、 查询Score表中成绩在60到80之间的所有记录

```mysql
mysql> select * from score where grade  between 60 and 80;
+------+-------+-------+
| s_id | c_no  | grade |
+------+-------+-------+
|  101 | 3-105 |  64.0 |
|  101 | 6-166 |  70.0 |
|  105 | 3-245 |  75.0 |
|  106 | 6-166 |  79.0 |
|  108 | 3-105 |  78.0 |
|  109 | 3-105 |  76.0 |
|  109 | 3-245 |  68.0 |
+------+-------+-------+
7 rows in set (0.00 sec)
#between 从什么开始 and  到什么结束，这个范围

```

-- 5、 查询Score表中成绩为85，86和88的记录。

```mysql
mysql> select * from score where grade in (85,86,88);
+------+-------+-------+
| s_id | c_no  | grade |
+------+-------+-------+
|  102 | 6-166 |  88.0 |
|  103 | 3-245 |  86.0 |
|  105 | 3-105 |  88.0 |
+------+-------+-------+
3 rows in set (0.00 sec)

#in 指定 一个判断范围
```

-- 6、 查询Student表中“95031”班或性别为“女”的同学记录。

```mysql
mysql> select * from student where s_class = 95031 or s_sex = 'w';
+------+--------+------------+-------+---------+
| s_id | s_name | s_birthday | s_sex | s_class |
+------+--------+------------+-------+---------+
|  101 | 李路   | 1993-12-05 | m     | 95031   |
|  102 | 周琦   | 1996-07-01 | m     | 95031   |
|  103 | 陆一   | 1995-06-03 | m     | 95031   |
|  105 | 李四   | 1995-10-02 | m     | 95031   |
|  106 | 吴默   | 1997-08-19 | m     | 95031   |
|  107 | 王五   | 1994-01-23 | w     | 95033   |
|  109 | 王美   | 1995-02-10 | w     | 95031   |
+------+--------+------------+-------+---------+
7 rows in set (0.00 sec)

```

-- 7、 以Class降序查询Student表的所有记录。

```mysql
mysql> select * from student  order by s_class desc;
+------+--------+------------+-------+---------+
| s_id | s_name | s_birthday | s_sex | s_class |
+------+--------+------------+-------+---------+
|  104 | 赵东   | 1992-10-08 | m     | 95033   |
|  107 | 王五   | 1994-01-23 | w     | 95033   |
|  108 | 张三   | 1990-09-01 | m     | 95033   |
|  101 | 李路   | 1993-12-05 | m     | 95031   |
|  102 | 周琦   | 1996-07-01 | m     | 95031   |
|  103 | 陆一   | 1995-06-03 | m     | 95031   |
|  105 | 李四   | 1995-10-02 | m     | 95031   |
|  106 | 吴默   | 1997-08-19 | m     | 95031   |
|  109 | 王美   | 1995-02-10 | w     | 95031   |
+------+--------+------------+-------+---------+
9 rows in set (0.00 sec)

```

-- 8、 以c_no升序、grade降序查询Score表的所有记录。

```mysql
mysql> select * from score order by c_no asc,grade desc;
#默认升序，asc也没错，可不写，
+------+-------+-------+
| s_id | c_no  | grade |
+------+-------+-------+
|  103 | 3-105 |  92.0 |
|  107 | 3-105 |  91.0 |
|  104 | 3-105 |  89.0 |
|  106 | 3-105 |  89.0 |
|  105 | 3-105 |  88.0 |
|  102 | 3-105 |  84.0 |
|  108 | 3-105 |  78.0 |
|  109 | 3-105 |  76.0 |
|  101 | 3-105 |  64.0 |
|  106 | 3-245 |  95.0 |
|  101 | 3-245 |  90.0 |
|  103 | 3-245 |  86.0 |
|  102 | 3-245 |  81.0 |
|  105 | 3-245 |  75.0 |
|  109 | 3-245 |  68.0 |
|  103 | 6-166 |  90.0 |
|  102 | 6-166 |  88.0 |
|  106 | 6-166 |  79.0 |
|  101 | 6-166 |  70.0 |
+------+-------+-------+
19 rows in set (0.00 sec)

```

-- 9、 查询“95031”班的学生人数。

```mysql
mysql> select count(s_class) from student where s_class = '95031';
+----------------+
| count(s_class) |
+----------------+
|              6 |
+----------------+
1 row in set (0.00 sec)
#使用聚合函数count查询这个字段满足条件的数量
```

-- 10、 查询Score表中的最高分的学生学号和课程号。

```mysql
mysql> select s_id,c_no from score where grade  in (select max(grade) from score);
+------+-------+
| s_id | c_no  |
+------+-------+
|  106 | 3-245 |
+------+-------+
1 row in set (0.00 sec)
#先取到表中最大值，对比grade字段是否有查询到的数据，如果有就将查询到的学生的学号和课表输出   max保留的数值只能有一个  所以这里的in也可以用=号 因为只有一个数，如果是多个结果就使用in
```



-- 11、查询Score表中除了每门课程最高分的学生学号和课程号。

```mysql
mysql> select s_id,c_no from score where (c_no,grade) not in (select c_no,max(grade) from score group by c_no);
+------+-------+
| s_id | c_no  |
+------+-------+
|  101 | 3-105 |
|  101 | 3-245 |
|  101 | 6-166 |
|  102 | 3-105 |
|  102 | 3-245 |
|  102 | 6-166 |
|  103 | 3-245 |
|  104 | 3-105 |
|  105 | 3-105 |
|  105 | 3-245 |
|  106 | 3-105 |
|  106 | 6-166 |
|  107 | 3-105 |
|  108 | 3-105 |
|  109 | 3-105 |
|  109 | 3-245 |
+------+-------+
16 rows in set (0.00 sec)

```

-- 12、 查询每门课的平均成绩。

```mysql
mysql> select avg(grade) from score group by c_no;
+------------+
| avg(grade) |
+------------+
|   83.44444 |
|   82.50000 |
|   81.75000 |
+------------+
3 rows in set (0.00 sec)
#使用分组然后查看单个字段的平均值avg

```

-- 13、查询Score表中至少有5名学生选修的并以3开头的课程的平均分数。

```mysql
#方法1
mysql> select c_no,avg(grade) from score where c_no in (select c_no from score  where c_no regexp '^[3]' group by c_no having count(c_no)>=5) group by c_no;
+-------+------------+
| c_no  | avg(grade) |
+-------+------------+
| 3-105 |   83.44444 |
| 3-245 |   82.50000 |
+-------+------------+
2 rows in set (0.00 sec)


#方法2
mysql> select avg(grade) from score group by c_no having count(*)>=5 and c_no like '3%';
#select avg(grade) from score group by c_no    查看 score表 分组后的平均值
#having可以使用聚合函数，所以可以用count做比较
#c_no like '3%'    并且 c_no中开头是3的数据
+------------+
| avg(grade) |
+------------+
|   83.44444 |
|   82.50000 |
+------------+
2 rows in set (0.00 sec)

#count 可以使用在select 和having后面
#having和where的区别
#where中是无法使用聚合函数的
```

-- 14、查询分数大于70，小于90的S_id列。

```mysql
mysql> select s_id from score where grade > 70 and grade < 90;
+------+
| s_id |
+------+
|  102 |
|  102 |
|  102 |
|  103 |
|  104 |
|  105 |
|  105 |
|  106 |
|  106 |
|  108 |
|  109 |
+------+
11 rows in set (0.00 sec)

```

-- 15、查询所有学生的S_name、C_no和grade列。 

```mysql
mysql> select c_no,s_name,grade from score,student where student.s_id=score.s_id;
#想调用两个表，需要找到两个表之间的关系
#这里表的关系是s_id字段

#确认查询需求  学生的名称，课程编号，分数  对应 （学生表, 成绩表)
#select c_no,s_name,grade from score,student    #查询俩表中的 课程编号-名字-分数
#建立两个表的有效关系  where student.s_id=score.s_id;

+-------+--------+-------+
| c_no  | s_name | grade |
+-------+--------+-------+
| 3-105 | 李路   |  64.0 |
| 3-245 | 李路   |  90.0 |
| 6-166 | 李路   |  70.0 |
| 3-105 | 周琦   |  84.0 |
| 3-245 | 周琦   |  81.0 |
| 6-166 | 周琦   |  88.0 |
| 3-105 | 陆一   |  92.0 |
| 3-245 | 陆一   |  86.0 |
| 6-166 | 陆一   |  90.0 |
| 3-105 | 赵东   |  89.0 |
| 3-105 | 李四   |  88.0 |
| 3-245 | 李四   |  75.0 |
| 3-105 | 吴默   |  89.0 |
| 3-245 | 吴默   |  95.0 |
| 6-166 | 吴默   |  79.0 |
| 3-105 | 王五   |  91.0 |
| 3-105 | 张三   |  78.0 |
| 3-105 | 王美   |  76.0 |
| 3-245 | 王美   |  68.0 |
+-------+--------+-------+
19 rows in set (0.00 sec)
#因为每个学生都选择了多个课程，所以会出现多次
```

-- 16、查询所有学生的S_id、C_name和grade列。

```mysql
mysql> select s_id,c_name,grade from course,score where course.c_no=score.c_no;
#确认需求 (学生编号,学生名称,分数)  数据来自 (课程表，成绩表)
#select s_id,c_name,grade from course,score  

#这两个表建立关系 where course.c_no=score.c_no;

+------+-----------------+-------+
| s_id | c_name          | grade |
+------+-----------------+-------+
|  101 | 计算机导论      |  64.0 |
|  102 | 计算机导论      |  84.0 |
|  103 | 计算机导论      |  92.0 |
|  104 | 计算机导论      |  89.0 |
|  105 | 计算机导论      |  88.0 |
|  106 | 计算机导论      |  89.0 |
|  107 | 计算机导论      |  91.0 |
|  108 | 计算机导论      |  78.0 |
|  109 | 计算机导论      |  76.0 |
|  101 | 操作系统        |  90.0 |
|  102 | 操作系统        |  81.0 |
|  103 | 操作系统        |  86.0 |
|  105 | 操作系统        |  75.0 |
|  106 | 操作系统        |  95.0 |
|  109 | 操作系统        |  68.0 |
|  101 | 数字电路        |  70.0 |
|  102 | 数字电路        |  88.0 |
|  103 | 数字电路        |  90.0 |
|  106 | 数字电路        |  79.0 |
+------+-----------------+-------+
19 rows in set (0.00 sec)

```

-- 17、查询所有学生的Sname、C_name和grade列。

```mysql
mysql> select s_name,c_name,grade from course,score,student where course.c_no=score.c_no and student.s_id=score.s_id ;
#确认需求 查询学生   (名称，课程名称，分数)     数据来源 (课程表，成绩表，学生表)

#建立3表连接 where course.c_no=score.c_no and student.s_id=score.s_id ;
#1=2   2=3  表1和表2

#找到3个表中每两个表中有关联的字段
+--------+-----------------+-------+
| s_name | c_name          | grade |
+--------+-----------------+-------+
| 李路   | 计算机导论      |  64.0 |
| 周琦   | 计算机导论      |  84.0 |
| 陆一   | 计算机导论      |  92.0 |
| 赵东   | 计算机导论      |  89.0 |
| 李四   | 计算机导论      |  88.0 |
| 吴默   | 计算机导论      |  89.0 |
| 王五   | 计算机导论      |  91.0 |
| 张三   | 计算机导论      |  78.0 |
| 王美   | 计算机导论      |  76.0 |
| 李路   | 操作系统        |  90.0 |
| 周琦   | 操作系统        |  81.0 |
| 陆一   | 操作系统        |  86.0 |
| 李四   | 操作系统        |  75.0 |
| 吴默   | 操作系统        |  95.0 |
| 王美   | 操作系统        |  68.0 |
| 李路   | 数字电路        |  70.0 |
| 周琦   | 数字电路        |  88.0 |
| 陆一   | 数字电路        |  90.0 |
| 吴默   | 数字电路        |  79.0 |
+--------+-----------------+-------+
19 rows in set (0.00 sec)

```

-- 18、查询选修“3-105”课程的成绩高于“109”号同学成绩的所有同学的记录。

```mysql
mysql> select * from score where grade > all (select grade from score where s_id=109 and c_no = '3-105') and c_no = '3-105';
#select * from score where grade >  查询score表中大于查询到的数据的同学
#all 满足所有条件时select grade from score where s_id=109 and c_no = '3-105' ,条件查询）
#and c_no = '3-105';       班级为3-105

+------+-------+-------+
| s_id | c_no  | grade |
+------+-------+-------+
|  102 | 3-105 |  84.0 |
|  103 | 3-105 |  92.0 |
|  104 | 3-105 |  89.0 |
|  105 | 3-105 |  88.0 |
|  106 | 3-105 |  89.0 |
|  107 | 3-105 |  91.0 |
|  108 | 3-105 |  78.0 |
+------+-------+-------+
7 rows in set (0.00 sec)


#详细查询
mysql> select student.*,score.c_no,grade from student,score where student.s_id=score.s_id and c_no='3-105' and grade > (select grade from score where s_id=109 and c_no = '3-105');
+------+--------+------------+-------+---------+-------+-------+
| s_id | s_name | s_birthday | s_sex | s_class | c_no  | grade |
+------+--------+------------+-------+---------+-------+-------+
|  102 | 周琦   | 1996-07-01 | m     | 95031   | 3-105 |  84.0 |
|  103 | 陆一   | 1995-06-03 | m     | 95031   | 3-105 |  92.0 |
|  104 | 赵东   | 1992-10-08 | m     | 95033   | 3-105 |  89.0 |
|  105 | 李四   | 1995-10-02 | m     | 95031   | 3-105 |  88.0 |
|  106 | 吴默   | 1997-08-19 | m     | 95031   | 3-105 |  89.0 |
|  107 | 王五   | 1994-01-23 | w     | 95033   | 3-105 |  91.0 |
|  108 | 张三   | 1990-09-01 | m     | 95033   | 3-105 |  78.0 |
+------+--------+------------+-------+---------+-------+-------+
7 rows in set (0.01 sec)


```

-- 19、查询和学号为108、101的同学同年出生的所有学生的s_id、s_name和s_birthday列。

```mysql
#方法1
mysql> select s_id,s_name,s_birthday from student where year(s_birthday) = any (select year(s_birthday) from student where s_id=108 or s_id=101);
#select year(s_birthday) from student where s_id=108 or s_id=101)  year是年的，取出s_birthday中年的数据，来自于表student表，判断条件
#where year(s_birthday) = （）  判断满足和后面条件的数据，则输出

+------+--------+------------+
| s_id | s_name | s_birthday |
+------+--------+------------+
|  101 | 李路   | 1993-12-05 |
|  108 | 张三   | 1990-09-01 |
+------+--------+------------+
2 rows in set (0.01 sec)

#方法2  单个数值用=  多个数值用in
mysql> select s_id,s_name,s_birthday from  student where year(s_birthday) in (select year(s_birthday) from student where s_id in (101,108));
+------+--------+------------+
| s_id | s_name | s_birthday |
+------+--------+------------+
|  101 | 李路   | 1993-12-05 |
|  108 | 张三   | 1990-09-01 |
+------+--------+------------+
2 rows in set (0.00 sec)

```

-- 20、查询“王萍”教师任课的学生成绩。

```mysql
#子查询 (子查询尽量少用)
select grade from score where c_no = all(select c_no from course where t_id = all (select t_id from teacher where t_name='王萍'));


#连接查询
select grade from teacher,score,course where teacher.t_id=course.t_id and score.c_no=course.c_no and t_name='王萍';
# where teacher.t_id=course.t_id and score.c_no=course.c_no   #1=2  2=3  建立关系
+-------+
| grade |
+-------+
|  64.0 |
|  84.0 |
|  92.0 |
|  89.0 |
|  88.0 |
|  89.0 |
|  91.0 |
|  78.0 |
|  76.0 |
+-------+

```

-- 21、查询95033班和95031班全体学生的记录。

```mysql
mysql> select * from student where s_class in (95033,95031); 
+------+--------+------------+-------+---------+
| s_id | s_name | s_birthday | s_sex | s_class |
+------+--------+------------+-------+---------+
|  101 | 李路   | 1993-12-05 | m     | 95031   |
|  102 | 周琦   | 1996-07-01 | m     | 95031   |
|  103 | 陆一   | 1995-06-03 | m     | 95031   |
|  104 | 赵东   | 1992-10-08 | m     | 95033   |
|  105 | 李四   | 1995-10-02 | m     | 95031   |
|  106 | 吴默   | 1997-08-19 | m     | 95031   |
|  107 | 王五   | 1994-01-23 | w     | 95033   |
|  108 | 张三   | 1990-09-01 | m     | 95033   |
|  109 | 王美   | 1995-02-10 | w     | 95031   |
+------+--------+------------+-------+---------+
9 rows in set (0.00 sec)

```

-- 22、查询存在有85分以上成绩的课程c_no.

```mysql
mysql> select c_no from score where grade > 85 group by c_no;
+-------+
| c_no  |
+-------+
| 3-105 |
| 3-245 |
| 6-166 |
+-------+
3 rows in set (0.00 sec)
```

-- 23、查询出“计算机系“教师所教课程的成绩表。

```mysql
select grade from teacher,score,course where teacher.t_id=course.t_id and score.c_no=course.c_no and t_depart='计算机';

mysql> select grade from score where c_no in (select c_no from course where t_id in (select t_id from teacher where t_depart='计算机'));
+-------+
| grade |
+-------+
|  90.0 |
|  81.0 |
|  86.0 |
|  75.0 |
|  95.0 |
|  68.0 |
|  64.0 |
|  84.0 |
|  92.0 |
|  89.0 |
|  88.0 |
|  89.0 |
|  91.0 |
|  78.0 |
|  76.0 |
+-------+
15 rows in set (0.00 sec)

```

-- 24、查询所在系是“计算机”与“电子工程系“不同职称的教师的名字和职位。

```mysql
mysql> select t_name,t_prof from teacher where t_depart = '电子工程' or t_depart = '计算机' group by t_prof having count(t_name)=1 ;
+--------+-----------+
| t_name | t_prof    |
+--------+-----------+
| 李诚   | 副教授    |
| 张旭   | 讲师      |
+--------+-----------+
2 rows in set (0.00 sec)

```

-- 25、查询选修编号为“3-105“课程且成绩至少高于选修编号为“3-245”的同学的课程编号、学生编号和成绩,并按成绩从高到低次序排序。

```mysql
mysql> select s_id,grade from score where grade > any  (select grade from score where c_no = '3-245') and c_no='3-105' order by grade desc;
+------+-------+
| s_id | grade |
+------+-------+
|  103 |  92.0 |
|  107 |  91.0 |
|  104 |  89.0 |
|  106 |  89.0 |
|  105 |  88.0 |
|  102 |  84.0 |
|  108 |  78.0 |
|  109 |  76.0 |
+------+-------+
8 rows in set (0.00 sec)
```

-- 26、查询选修编号为“3-105”且成绩高于选修编号为“3-245”课程的同学的课程编号，学生编号和成绩.

```mysql
select s_id,grade from score where grade > all  (select grade from score where c_no = '3-245') and c_no='3-105';
#为空，因为没有大于这个的数
```

-- 27、查询所有教师和同学的名字、性别和出生年月.

```mysql
mysql> select s_name,s_sex,s_birthday from student union all select t_name,t_sex,t_birthday from teacher;
#union  联合查询  all  将所有的都显示
+--------+-------+------------+
| s_name | s_sex | s_birthday |
+--------+-------+------------+
| 李路   | m     | 1993-12-05 |
| 周琦   | m     | 1996-07-01 |
| 陆一   | m     | 1995-06-03 |
| 赵东   | m     | 1992-10-08 |
| 李四   | m     | 1995-10-02 |
| 吴默   | m     | 1997-08-19 |
| 王五   | w     | 1994-01-23 |
| 张三   | m     | 1990-09-01 |
| 王美   | w     | 1995-02-10 |
| 李诚   | m     | 1958-12-02 |
| 王萍   | w     | 1980-02-10 |
| 刘冰   | w     | 1977-07-14 |
| 张旭   | m     | 1969-03-12 |
+--------+-------+------------+
13 rows in set (0.00 sec)

```

-- 28、查询所有“女”教师和“女”同学的名字、性别和出生年月.

```mysql
mysql> select s_name,s_sex,s_birthday from student where s_sex='w' union all select t_name,t_sex,t_birthday from teacher where t_sex='w';
+--------+-------+------------+
| s_name | s_sex | s_birthday |
+--------+-------+------------+
| 王五   | w     | 1994-01-23 |
| 王美   | w     | 1995-02-10 |
| 王萍   | w     | 1980-02-10 |
| 刘冰   | w     | 1977-07-14 |
+--------+-------+------------+
4 rows in set (0.00 sec)
```

-- 29、查询成绩比该课程平均成绩低的同学的成绩表。

```mysql
#方法1
mysql> select group_concat(grade) from score where grade <= any (select avg(grade) as grade from score group by c_no) group by c_no;
+---------------------+
| group_concat(grade) |
+---------------------+
| 64.0,78.0,76.0      |
| 81.0,75.0,68.0      |
| 70.0,79.0           |
+---------------------+
3 rows in set (0.00 sec)

#方法2
mysql> select * from score where grade < (select avg(grade) from score);
+------+-------+-------+
| s_id | c_no  | grade |
+------+-------+-------+
|  101 | 3-105 |  64.0 |
|  101 | 6-166 |  70.0 |
|  102 | 3-245 |  81.0 |
|  105 | 3-245 |  75.0 |
|  106 | 6-166 |  79.0 |
|  108 | 3-105 |  78.0 |
|  109 | 3-105 |  76.0 |
|  109 | 3-245 |  68.0 |
+------+-------+-------+
8 rows in set (0.00 sec)

```

-- 30、查询Student表中每个学生的姓名和年龄。

```mysql
mysql> select s_name,year(now())-year(s_birthday) from  student;
#year(now()) 是当前年的时间-year(s_birthday)  减去日期时间
+--------+------------------------------+
| s_name | year(now())-year(s_birthday) |
+--------+------------------------------+
| 李路   |                           27 |
| 周琦   |                           24 |
| 陆一   |                           25 |
| 赵东   |                           28 |
| 李四   |                           25 |
| 吴默   |                           23 |
| 王五   |                           26 |
| 张三   |                           30 |
| 王美   |                           25 |
+--------+------------------------------+
9 rows in set (0.00 sec)

```





-- 31、查询最高分同学的学生编号、课程编号和成绩列。

```mysql
mysql> select grade,s_id,c_no from score where grade in (select max(grade) from  score ); 
+-------+------+-------+
| grade | s_id | c_no  |
+-------+------+-------+
|  95.0 |  106 | 3-245 |
+-------+------+-------+
1 row in set (0.00 sec)

```

-- 32、查询所有选修“计算机导论”课程的“男”同学的成绩表。

```mysql
select grade from score where s_id in (select s_id from student where s_sex='m') and c_no in (select c_no from course where c_name='计算机导论');

select grade from student,course,score where student.s_id=score.s_id and course.c_no=score.c_no and s_sex='m'and c_name='计算机导论';
#连接3个表select grade from student,course,score
#建立关系where student.s_id=score.s_id and course.c_no=score.c_no
#给予条件and s_sex='m'and c_name='计算机导论';

+-------+
| grade |
+-------+
|  64.0 |
|  84.0 |
|  92.0 |
|  89.0 |
|  88.0 |
|  89.0 |
|  78.0 |
+-------+
7 rows in set (0.00 sec)


```

-- 33、查询本月过生日的学生

```mysql
#方法1
mysql> select s_name,MONTH(s_birthday) from student where MONTH(s_birthday)=MONTH(now()); 
#MONTH 求月份的函数，和year相同，求字段中的月份
#where MONTH(s_birthday)=MONTH(now());    判断字段中的月份和当前时间的月份中对比
+--------+-------------------+
| s_name | MONTH(s_birthday) |
+--------+-------------------+
| 王五   |                 1 |
+--------+-------------------+
1 row in set (0.00 sec)

#方法2
mysql> select * from student where month(now())=month(date_format(s_birthday,'%y%m%d'));
+------+--------+------------+-------+---------+
| s_id | s_name | s_birthday | s_sex | s_class |
+------+--------+------------+-------+---------+
|  107 | 王五   | 1994-01-23 | w     | 95033   |
+------+--------+------------+-------+---------+
1 row in set (0.00 sec)

```

-- 34、查询下周过生日的学生

```mysql
mysql> select * from student where week(now())+1=week(s_birthday);

#week 是当前日期在一年内是多少周，和year和month类似， +1周
# week(now())+1 > week(s_birthday)，就是说如果说当前日期+一周范围内对等就是过生日

Empty set (0.00 sec)
#因为没有所以不显示

```

-- 35、检索至少选修两门课程的学生学号

```mysql
mysql> select s_id from score group by s_id having count(c_no) >= 2;
#分组后group by s_id having count(c_no) >= 2; 数量大于2，就是两门
+------+
| s_id |
+------+
|  101 |
|  102 |
|  103 |
|  105 |
|  106 |
|  109 |
+------+
6 rows in set (0.00 sec)

```

-- 36、查询选修"张旭"老师所授课程的学生中，成绩最高的学生信息及其成绩

```mysql
#方法1
select student.*,score.* from teacher,score,course,student where teacher.t_id=course.t_id and course.c_no=score.c_no and score.s_id=student.s_id and t_name='张旭' and grade = (select MAX(grade) from score where c_no = all(select c_no from course where t_id = all (select t_id from teacher where t_name='张旭')));

#方法2
select student.*,grade from score,student where score.s_id=student.s_id and (c_no,grade) in (select course.c_no,max(grade) from score,course,teacher where course.t_id=teacher.t_id and score.c_no=course.c_no and t_name='张旭');

+------+--------+------------+-------+---------+------+-------+-------+
| s_id | s_name | s_birthday | s_sex | s_class | s_id | c_no  | grade |
+------+--------+------------+-------+---------+------+-------+-------+
|  103 | 陆一   | 1995-06-03 | m     | 95031   |  103 | 6-166 |  90.0 |
+------+--------+------------+-------+---------+------+-------+-------+
1 row in set (0.01 sec)

```

-- 37、查询选修了全部课程的学生信息  

```mysql
mysql> select student.* from score,student where score.s_id=student.s_id group by score.s_id having count(score.s_id)=3;
#因为没有选修4门课程的人，所以退而求次，改为3门课
+------+--------+------------+-------+---------+
| s_id | s_name | s_birthday | s_sex | s_class |
+------+--------+------------+-------+---------+
|  101 | 李路   | 1993-12-05 | m     | 95031   |
|  102 | 周琦   | 1996-07-01 | m     | 95031   |
|  103 | 陆一   | 1995-06-03 | m     | 95031   |
|  106 | 吴默   | 1997-08-19 | m     | 95031   |
+------+--------+------------+-------+---------+
4 rows in set (0.00 sec)

```

-- 38、检索至少选修两门课程的学生学号

```mysql
mysql> select student.* from score,student where score.s_id=student.s_id group by score.s_id having count(score.s_id)>=2;
#和上以题类似
+------+--------+------------+-------+---------+
| s_id | s_name | s_birthday | s_sex | s_class |
+------+--------+------------+-------+---------+
|  101 | 李路   | 1993-12-05 | m     | 95031   |
|  102 | 周琦   | 1996-07-01 | m     | 95031   |
|  103 | 陆一   | 1995-06-03 | m     | 95031   |
|  105 | 李四   | 1995-10-02 | m     | 95031   |
|  106 | 吴默   | 1997-08-19 | m     | 95031   |
|  109 | 王美   | 1995-02-10 | w     | 95031   |
+------+--------+------------+-------+---------+
6 rows in set (0.00 sec)

```

-- 39、查询课程名称为"数字电路"，且分数不低于80的学生姓名和分数 

```mysql
mysql> select grade,s_name from student,course,score where student.s_id=score.s_id and course.c_no=score.c_no and c_name='数字电路'and grade > 80;

#要求是 课程="数字电路"  使用课程表
#姓名  使用学生表
#分数 使用成绩表

#查询3张表select grade,s_name from student,course,score
#建立关系where student.s_id=score.s_id and course.c_no=score.c_no 并且满足条件
#设置条件c_name='数字电路'and grade > 80;
+-------+--------+
| grade | s_name |
+-------+--------+
|  88.0 | 周琦   |
|  90.0 | 陆一   |
+-------+--------+
2 rows in set (0.00 sec)

```

