| stu表结构 |             |      |      |      |      |      |
| --------- | ----------- | ---- | ---- | ---- | ---- | ---- |
| 字段名    | 数据类型    | 主键 | 外键 | 非空 | 唯一 | 自增 |
| s_id      | INT(11)     | 是   | 否   | 是   | 是   | 否   |
| s_name    | VARCHAR(20) | 否   | 否   | 是   | 否   | 否   |
| addr      | VARCHAR(50) | 否   | 否   | 是   | 否   | 否   |
| tel       | VARCHAR(50) | 否   | 否   | 是   | 否   | 否   |



| stu表内容 |          |       |               |      |      |      |
| --------- | -------- | ----- | ------------- | ---- | ---- | ---- |
| s_id      | s_name   | addr  | tel           |      |      |      |
| 1         | xiaowang | Henan | 0371-12345678 |      |      |      |
| 2         | xiaoli   | Hebei | 13889072345   |      |      |      |
| 3         | xiaotian | henan | 0371-12345670 |      |      |      |

#############################################################################



| sign表结构 |             |      |      |      |      |      |
| ---------- | ----------- | ---- | ---- | ---- | ---- | ---- |
| 字段名     | 数据类型    | 主键 | 外键 | 非空 | 唯一 | 自增 |
| s_id       | INT(11)     | 是   | 否   | 是   | 是   | 否   |
| s_name     | VARCHAR(20) | 否   | 否   | 是   | 否   | 否   |
| s_sch      | VARCHAR(50) | 否   | 否   | 是   | 否   | 否   |
| s_sign_sch | VARCHAR(50) | 否   | 否   | 是   | 否   | 否   |



| sign表内容 |          |                |                     |
| ---------- | -------- | -------------- | ------------------- |
| s_id       | s_name   | s_sch          | s_sign_sch          |
| 1          | xiaowang | Middle School1 | Peking University   |
| 2          | xiaoli   | Middle School2 | Tsinghua University |
| 3          | xiaotian | Middle School3 | Tsinghua University |







| stu_mark表结构 |             |      |      |      |      |      |
| -------------- | ----------- | ---- | ---- | ---- | ---- | ---- |
| 字段名         | 数据类型    | 主键 | 外键 | 非空 | 唯一 | 自增 |
| s_id           | INT(11)     | 是   | 否   | 是   | 是   | 否   |
| s_name         | VARCHAR(20) | 否   | 否   | 是   | 否   | 否   |
| mark           | INT(11)     | 否   | 否   | 是   | 否   | 否   |



| stu_mark表内容 |          |      |      |
| -------------- | -------- | ---- | ---- |
| s_id           | s_name   | mark |      |
| 1              | xiaowang | 80   |      |
| 2              | xiaoli   | 71   |      |
| 3              | xiaotian | 70   |      |







1、创建学生表stu，插入3条记录	

```mysql
#创建表
create table stu 
        (s_id int primary key not null unique,
         s_name varchar(20) not null,
         addr varchar(50) not null,
         tel varchar(50) not null);


#插入数据			
insert into stu values
            (1,'xiaowang','Henan','0371-12345678'),
            (2,'xiaoli','Hebei','13889072345'),
            (3,'xiaotian','henan','0371-12345670');

```

2、创建表名表sign，插入3条数据	

```mysql
create table sign 
            (s_id int primary key not null unique,
             s_name varchar(20) not null,
             s_sch varchar(50) not null,
             s_sign_sch varchar(50) not null);


insert into sign values
                (1,'xiaowang','Middle School1','Peking University'),
                (2,'xiaoli','Middle School2','Tsinghua University'),
                (3,'xiaotian','Middle School3','Tsinghua University');

```

3、创建成绩单stu_mark，插入3条记录	

```mysql
create table stu_mark 
                (s_id int primary key not null unique,
                 s_name varchar(20) not null,
                 mark int not null);


insert into stu_mark values
                (1,'xiaowang',80),
                (2,'xiaoli',71),
                (3,'xiaotian',70);

```

4、创建考上Peking University的学生的视图	

```mysql
#or replace替换数据
create or replace view v1 as select stu.* from stu,sign where stu.s_name=sign.s_name and sign.s_sign_sch='Peking University';
```

5、创建考上Tsinghua University的学生的视图	

```mysql
create or replace view v2 as select stu.* from stu,sign where stu.s_name=sign.s_name and sign.s_sign_sch='Tsinghua University';
```

6、xiaotian的成绩在录入错误多录了50分，对其成绩进行更正	

```mysql
update stu_mark set mark='20' where s_name='xiaotian';
```

7、查看更新过后视图和表的情况	

```mysql
mysql> select * from stu_mark;
+------+----------+------+
| s_id | s_name   | mark |
+------+----------+------+
|    1 | xiaowang |   80 |
|    2 | xiaoli   |   71 |
|    3 | xiaotian |   20 |
+------+----------+------+
3 rows in set (0.00 sec)

mysql> select * from v2;
+------+----------+-------+---------------+
| s_id | s_name   | addr  | tel           |
+------+----------+-------+---------------+
|    2 | xiaoli   | Hebei | 13889072345   |
|    3 | xiaotian | henan | 0371-12345670 |
+------+----------+-------+---------------+
2 rows in set (0.00 sec)


mysql> select * from v1;
+------+----------+-------+---------------+
| s_id | s_name   | addr  | tel           |
+------+----------+-------+---------------+
|    1 | xiaowang | Henan | 0371-12345678 |
+------+----------+-------+---------------+
1 row in set (0.00 sec)

```

8、查看视图的创建信息	

```mysql
mysql> show create view v1\G
*************************** 1. row ***************************
                View: v1
         Create View: CREATE ALGORITHM=UNDEFINED DEFINER=`root`@`localhost` SQL SECURITY DEFINER VIEW `v1` AS select `stu`.`s_id` AS `s_id`,`stu`.`s_name` AS `s_name`,`stu`.`addr` AS `addr`,`stu`.`tel` AS `tel` from (`stu` join `sign`) where ((`stu`.`s_name` = `sign`.`s_name`) and (`sign`.`s_sign_sch` = 'Peking University'))
character_set_client: utf8
collation_connection: utf8_general_ci
1 row in set (0.00 sec)



mysql> show create view v2\G
*************************** 1. row ***************************
                View: v2
         Create View: CREATE ALGORITHM=UNDEFINED DEFINER=`root`@`localhost` SQL SECURITY DEFINER VIEW `v2` AS select `stu`.`s_id` AS `s_id`,`stu`.`s_name` AS `s_name`,`stu`.`addr` AS `addr`,`stu`.`tel` AS `tel` from (`stu` join `sign`) where ((`stu`.`s_name` = `sign`.`s_name`) and (`sign`.`s_sign_sch` = 'Tsinghua University'))
character_set_client: utf8
collation_connection: utf8_general_ci
1 row in set (0.00 sec)

```

9、删除创建的视图	

```mysql
drop view v1;
drop view v2;
```

